month,country,residential_price_index,perc_change_prev,perc_change_yoy
2001-01-01,AT,68.0,0.3,2.4
2001-01-01,ES,70.1,1.2,3.7
2001-01-01,FI,73.1,0.1,2.8
2001-01-01,IE,73.3,2.9,22.6
2001-01-01,LT,62.8,-1.7,0.6
2001-01-01,NL,76.4,1.2,3.9
2001-01-01,NO,60.1,1.0,5.3
2001-01-01,PL,82.4,0.7,4.8
2001-01-01,PT,74.8,-1.7,-2.2
2001-02-01,AT,68.0,0.0,2.3
2001-02-01,ES,70.3,0.3,3.5
2001-02-01,FI,73.8,1.0,3.4
2001-02-01,IE,73.9,0.8,23.6
2001-02-01,LT,62.9,0.2,1.0
2001-02-01,NL,76.5,0.1,4.1
2001-02-01,NO,60.4,0.5,5.4
2001-02-01,PL,82.9,0.6,5.2
2001-02-01,PT,74.8,0.0,-1.8
2001-03-01,AT,68.0,0.0,2.3
2001-03-01,ES,70.3,0.0,3.2
2001-03-01,FI,73.9,0.1,3.1
2001-03-01,IE,74.5,0.8,21.7
2001-03-01,LT,62.7,-0.3,0.5
2001-03-01,NL,76.5,0.0,3.9
2001-03-01,NO,60.5,0.2,5.2
2001-03-01,PL,83.1,0.2,4.3
2001-03-01,PT,75.0,0.3,-2.2
2001-04-01,AT,68.2,0.3,2.4
2001-04-01,ES,70.5,0.3,3.4
2001-04-01,FI,74.4,0.7,3.3
2001-04-01,IE,75.2,0.9,20.1
2001-04-01,LT,63.4,1.1,0.0
2001-04-01,NL,77.4,1.2,4.6
2001-04-01,NO,60.6,0.2,5.2
2001-04-01,PL,83.0,-0.1,3.4
2001-04-01,PT,76.1,1.5,0.7
2001-05-01,AT,69.0,1.2,2.7
2001-05-01,ES,70.6,0.1,3.2
2001-05-01,FI,74.5,0.1,2.8
2001-05-01,IE,75.2,0.0,17.3
2001-05-01,LT,62.6,-1.3,-1.6
2001-05-01,NL,77.7,0.4,5.0
2001-05-01,NO,60.6,0.0,5.2
2001-05-01,PL,83.3,0.4,3.2
2001-05-01,PT,76.2,0.1,0.5
2001-06-01,AT,69.0,0.0,2.7
2001-06-01,ES,70.5,-0.1,2.8
2001-06-01,FI,74.8,0.4,2.9
2001-06-01,IE,75.5,0.4,17.2
2001-06-01,LT,63.0,0.6,-1.7
2001-06-01,NL,77.9,0.3,5.3
2001-06-01,NO,60.7,0.2,5.0
2001-06-01,PL,83.2,-0.1,2.6
2001-06-01,PT,76.4,0.3,0.8
2001-07-01,AT,69.0,0.0,2.5
2001-07-01,ES,70.7,0.3,2.9
2001-07-01,FI,74.8,0.0,2.7
2001-07-01,IE,76.1,0.8,16.5
2001-07-01,LT,63.3,0.5,-1.6
2001-07-01,NL,78.2,0.4,4.3
2001-07-01,NO,60.9,0.3,5.0
2001-07-01,PL,83.2,0.0,2.2
2001-07-01,PT,77.0,0.8,1.3
2001-08-01,AT,68.9,-0.1,2.4
2001-08-01,ES,70.6,-0.1,2.8
2001-08-01,FI,74.8,0.0,2.5
2001-08-01,IE,76.9,1.1,15.5
2001-08-01,LT,63.3,0.0,-1.2
2001-08-01,NL,78.2,0.0,4.1
2001-08-01,NO,60.9,0.0,4.8
2001-08-01,PL,83.4,0.2,2.2
2001-08-01,PT,77.0,0.0,1.7
2001-09-01,AT,68.7,-0.3,1.8
2001-09-01,ES,70.7,0.1,2.5
2001-09-01,FI,74.4,-0.5,1.8
2001-09-01,IE,77.1,0.3,14.6
2001-09-01,LT,63.8,0.8,-0.8
2001-09-01,NL,78.2,0.0,4.0
2001-09-01,NO,61.3,0.7,4.1
2001-09-01,PL,83.7,0.4,2.3
2001-09-01,PT,76.8,-0.3,1.5
2001-10-01,AT,68.6,-0.1,1.5
2001-10-01,ES,70.5,-0.3,1.9
2001-10-01,FI,74.2,-0.3,1.5
2001-10-01,IE,77.4,0.4,14.5
2001-10-01,LT,62.7,-1.7,-2.6
2001-10-01,NL,78.4,0.3,3.8
2001-10-01,NO,61.4,0.2,4.1
2001-10-01,PL,83.8,0.1,2.3
2001-10-01,PT,76.9,0.1,1.2
2001-11-01,AT,68.7,0.1,1.3
2001-11-01,ES,70.3,-0.3,1.7
2001-11-01,FI,74.0,-0.3,1.2
2001-11-01,IE,77.2,-0.3,12.2
2001-11-01,LT,62.4,-0.5,-2.5
2001-11-01,NL,78.4,0.0,3.8
2001-11-01,NO,61.4,0.0,4.1
2001-11-01,PL,83.7,-0.1,2.1
2001-11-01,PT,76.8,-0.1,0.9
2001-12-01,AT,68.7,0.0,1.3
2001-12-01,ES,70.1,-0.3,1.2
2001-12-01,FI,74.0,0.0,1.4
2001-12-01,IE,76.8,-0.5,7.9
2001-12-01,LT,62.3,-0.2,-2.5
2001-12-01,NL,78.4,0.0,3.8
2001-12-01,NO,61.9,0.8,4.0
2001-12-01,PL,83.7,0.0,2.3
2001-12-01,PT,76.8,0.0,0.9
2002-01-01,AT,68.9,0.3,1.3
2002-01-01,ES,71.0,1.3,1.3
2002-01-01,FI,74.1,0.1,1.4
2002-01-01,IE,75.7,-1.4,3.3
2002-01-01,LT,61.3,-1.6,-2.4
2002-01-01,NL,79.4,1.3,3.9
2002-01-01,NO,62.1,0.3,3.3
2002-01-01,PL,83.7,0.0,1.6
2002-01-01,PT,77.1,0.4,3.1
2002-02-01,AT,68.9,0.0,1.3
2002-02-01,ES,71.1,0.1,1.1
2002-02-01,FI,74.1,0.0,0.4
2002-02-01,IE,76.3,0.8,3.2
2002-02-01,LT,61.7,0.7,-1.9
2002-02-01,NL,79.4,0.0,3.8
2002-02-01,NO,62.2,0.2,3.0
2002-02-01,PL,84.0,0.4,1.3
2002-02-01,PT,77.1,0.0,3.1
2002-03-01,AT,69.2,0.4,1.8
2002-03-01,ES,71.2,0.1,1.3
2002-03-01,FI,74.4,0.4,0.7
2002-03-01,IE,76.6,0.4,2.8
2002-03-01,LT,62.3,1.0,-0.6
2002-03-01,NL,79.8,0.5,4.3
2002-03-01,NO,62.5,0.5,3.3
2002-03-01,PL,84.2,0.2,1.3
2002-03-01,PT,77.6,0.6,3.5
2002-04-01,AT,69.2,0.0,1.5
2002-04-01,ES,71.3,0.1,1.1
2002-04-01,FI,74.8,0.5,0.5
2002-04-01,IE,78.4,2.3,4.3
2002-04-01,LT,62.6,0.5,-1.3
2002-04-01,NL,79.8,0.0,3.1
2002-04-01,NO,62.5,0.0,3.1
2002-04-01,PL,83.6,-0.7,0.7
2002-04-01,PT,78.5,1.2,3.2
2002-05-01,AT,70.0,1.2,1.4
2002-05-01,ES,71.4,0.1,1.1
2002-05-01,FI,74.9,0.1,0.5
2002-05-01,IE,77.9,-0.6,3.6
2002-05-01,LT,62.9,0.5,0.5
2002-05-01,NL,79.8,0.0,2.7
2002-05-01,NO,62.7,0.3,3.5
2002-05-01,PL,83.5,-0.1,0.2
2002-05-01,PT,78.6,0.1,3.1
2002-06-01,AT,70.0,0.0,1.4
2002-06-01,ES,71.4,0.0,1.3
2002-06-01,FI,75.0,0.1,0.3
2002-06-01,IE,78.2,0.4,3.6
2002-06-01,LT,63.6,1.1,1.0
2002-06-01,NL,79.9,0.1,2.6
2002-06-01,NO,62.7,0.0,3.3
2002-06-01,PL,83.3,-0.2,0.1
2002-06-01,PT,78.7,0.1,3.0
2002-07-01,AT,69.9,-0.1,1.3
2002-07-01,ES,71.4,0.0,1.0
2002-07-01,FI,75.1,0.1,0.4
2002-07-01,IE,78.0,-0.3,2.5
2002-07-01,LT,63.3,-0.5,0.0
2002-07-01,NL,80.3,0.5,2.7
2002-07-01,NO,62.9,0.3,3.3
2002-07-01,PL,83.1,-0.2,-0.1
2002-07-01,PT,78.9,0.3,2.5
2002-08-01,AT,69.8,-0.1,1.3
2002-08-01,ES,72.0,0.8,2.0
2002-08-01,FI,75.2,0.1,0.5
2002-08-01,IE,79.4,1.8,3.3
2002-08-01,LT,64.1,1.3,1.3
2002-08-01,NL,80.3,0.0,2.7
2002-08-01,NO,63.3,0.6,3.9
2002-08-01,PL,83.0,-0.1,-0.5
2002-08-01,PT,78.8,-0.1,2.3
2002-09-01,AT,69.8,0.0,1.6
2002-09-01,ES,72.0,0.0,1.8
2002-09-01,FI,75.1,-0.1,0.9
2002-09-01,IE,80.4,1.3,4.3
2002-09-01,LT,64.0,-0.2,0.3
2002-09-01,NL,80.4,0.1,2.8
2002-09-01,NO,63.4,0.2,3.4
2002-09-01,PL,83.0,0.0,-0.8
2002-09-01,PT,78.6,-0.3,2.3
2002-10-01,AT,69.8,0.0,1.7
2002-10-01,ES,72.1,0.1,2.3
2002-10-01,FI,75.2,0.1,1.3
2002-10-01,IE,81.8,1.7,5.7
2002-10-01,LT,63.6,-0.6,1.4
2002-10-01,NL,80.3,-0.1,2.4
2002-10-01,NO,63.4,0.0,3.3
2002-10-01,PL,82.8,-0.2,-1.2
2002-10-01,PT,79.1,0.6,2.9
2002-11-01,AT,69.9,0.1,1.7
2002-11-01,ES,72.0,-0.1,2.4
2002-11-01,FI,75.2,0.0,1.6
2002-11-01,IE,81.7,-0.1,5.8
2002-11-01,LT,64.0,0.6,2.6
2002-11-01,NL,80.3,0.0,2.4
2002-11-01,NO,63.4,0.0,3.3
2002-11-01,PL,82.5,-0.4,-1.4
2002-11-01,PT,78.7,-0.5,2.5
2002-12-01,AT,70.0,0.1,1.9
2002-12-01,ES,72.1,0.1,2.9
2002-12-01,FI,75.1,-0.1,1.5
2002-12-01,IE,82.2,0.6,7.0
2002-12-01,LT,63.3,-1.1,1.6
2002-12-01,NL,80.3,0.0,2.4
2002-12-01,NO,64.0,0.9,3.4
2002-12-01,PL,82.2,-0.4,-1.8
2002-12-01,PT,78.5,-0.3,2.2
2003-01-01,AT,70.4,0.6,2.2
2003-01-01,ES,72.8,1.0,2.5
2003-01-01,FI,75.5,0.5,1.9
2003-01-01,IE,81.8,-0.5,8.1
2003-01-01,LT,62.0,-2.1,1.1
2003-01-01,NL,81.0,0.9,2.0
2003-01-01,NO,64.3,0.5,3.5
2003-01-01,PL,82.4,0.2,-1.6
2003-01-01,PT,78.5,0.0,1.8
2003-02-01,AT,70.5,0.1,2.3
2003-02-01,ES,73.2,0.5,3.0
2003-02-01,FI,75.6,0.1,2.0
2003-02-01,IE,82.6,1.0,8.3
2003-02-01,LT,62.6,1.0,1.5
2003-02-01,NL,81.0,0.0,2.0
2003-02-01,NO,64.6,0.5,3.9
2003-02-01,PL,82.4,0.0,-1.9
2003-02-01,PT,78.9,0.5,2.3
2003-03-01,AT,70.6,0.1,2.0
2003-03-01,ES,72.4,-1.1,1.7
2003-03-01,FI,76.1,0.7,2.3
2003-03-01,IE,83.8,1.5,9.4
2003-03-01,LT,62.6,0.0,0.5
2003-03-01,NL,81.1,0.1,1.6
2003-03-01,NO,64.8,0.3,3.7
2003-03-01,PL,82.0,-0.5,-2.6
2003-03-01,PT,79.2,0.4,2.1
2003-04-01,AT,70.6,0.0,2.0
2003-04-01,ES,73.1,1.0,2.5
2003-04-01,FI,76.2,0.1,1.9
2003-04-01,IE,85.5,2.0,9.1
2003-04-01,LT,63.4,1.3,1.3
2003-04-01,NL,81.1,0.0,1.6
2003-04-01,NO,64.7,-0.2,3.5
2003-04-01,PL,82.3,0.4,-1.6
2003-04-01,PT,80.0,1.0,1.9
2003-05-01,AT,71.6,1.4,2.3
2003-05-01,ES,73.0,-0.1,2.2
2003-05-01,FI,76.3,0.1,1.9
2003-05-01,IE,86.1,0.7,10.5
2003-05-01,LT,64.2,1.3,2.1
2003-05-01,NL,81.1,0.0,1.6
2003-05-01,NO,64.7,0.0,3.2
2003-05-01,PL,82.4,0.1,-1.3
2003-05-01,PT,79.8,-0.3,1.5
2003-06-01,AT,71.7,0.1,2.4
2003-06-01,ES,72.9,-0.1,2.1
2003-06-01,FI,76.4,0.1,1.9
2003-06-01,IE,85.0,-1.3,8.7
2003-06-01,LT,64.4,0.3,1.3
2003-06-01,NL,81.1,0.0,1.5
2003-06-01,NO,64.7,0.0,3.2
2003-06-01,PL,82.5,0.1,-1.0
2003-06-01,PT,79.3,-0.6,0.8
2003-07-01,AT,71.7,0.0,2.6
2003-07-01,ES,73.0,0.1,2.2
2003-07-01,FI,76.5,0.1,1.9
2003-07-01,IE,86.2,1.4,10.5
2003-07-01,LT,64.3,-0.2,1.6
2003-07-01,NL,81.3,0.2,1.2
2003-07-01,NO,64.7,0.0,2.9
2003-07-01,PL,82.5,0.0,-0.7
2003-07-01,PT,79.4,0.1,0.6
2003-08-01,AT,71.7,0.0,2.7
2003-08-01,ES,73.6,0.8,2.2
2003-08-01,FI,76.6,0.1,1.9
2003-08-01,IE,88.4,2.6,11.3
2003-08-01,LT,65.1,1.2,1.6
2003-08-01,NL,81.3,0.0,1.2
2003-08-01,NO,64.9,0.3,2.5
2003-08-01,PL,82.5,0.0,-0.6
2003-08-01,PT,79.2,-0.3,0.5
2003-09-01,AT,71.8,0.1,2.9
2003-09-01,ES,73.6,0.0,2.2
2003-09-01,FI,76.5,-0.1,1.9
2003-09-01,IE,90.1,1.9,12.1
2003-09-01,LT,64.6,-0.8,0.9
2003-09-01,NL,81.3,0.0,1.1
2003-09-01,NO,65.0,0.2,2.5
2003-09-01,PL,82.5,0.0,-0.6
2003-09-01,PT,79.3,0.1,0.9
2003-10-01,AT,72.0,0.3,3.2
2003-10-01,ES,73.0,-0.8,1.2
2003-10-01,FI,76.3,-0.3,1.5
2003-10-01,IE,90.9,0.9,11.1
2003-10-01,LT,63.8,-1.2,0.3
2003-10-01,NL,81.3,0.0,1.2
2003-10-01,NO,65.1,0.2,2.7
2003-10-01,PL,82.6,0.1,-0.2
2003-10-01,PT,79.4,0.1,0.4
2003-11-01,AT,72.2,0.3,3.3
2003-11-01,ES,73.8,1.1,2.5
2003-11-01,FI,76.4,0.1,1.6
2003-11-01,IE,90.3,-0.7,10.5
2003-11-01,LT,65.1,2.0,1.7
2003-11-01,NL,81.2,-0.1,1.1
2003-11-01,NO,65.1,0.0,2.7
2003-11-01,PL,82.7,0.1,0.2
2003-11-01,PT,79.1,-0.4,0.5
2003-12-01,AT,72.2,0.0,3.1
2003-12-01,ES,73.1,-0.9,1.4
2003-12-01,FI,76.3,-0.1,1.6
2003-12-01,IE,91.2,1.0,10.9
2003-12-01,LT,65.0,-0.2,2.7
2003-12-01,NL,81.2,0.0,1.1
2003-12-01,NO,65.5,0.6,2.3
2003-12-01,PL,82.9,0.2,0.9
2003-12-01,PT,79.2,0.1,0.9
2004-01-01,AT,73.1,1.2,3.8
2004-01-01,ES,73.6,0.7,1.1
2004-01-01,FI,76.5,0.3,1.3
2004-01-01,IE,92.0,0.9,12.5
2004-01-01,LT,64.6,-0.6,4.2
2004-01-01,NL,80.4,-1.0,-0.7
2004-01-01,NO,65.7,0.3,2.2
2004-01-01,PL,83.0,0.1,0.7
2004-01-01,PT,79.3,0.1,1.0
2004-02-01,AT,73.3,0.3,4.0
2004-02-01,ES,74.1,0.7,1.2
2004-02-01,FI,76.6,0.1,1.3
2004-02-01,IE,93.7,1.8,13.4
2004-02-01,LT,65.1,0.8,4.0
2004-02-01,NL,80.8,0.5,-0.2
2004-02-01,NO,65.8,0.2,1.9
2004-02-01,PL,83.2,0.2,1.0
2004-02-01,PT,79.9,0.8,1.3
2004-03-01,AT,74.1,1.1,5.0
2004-03-01,ES,75.1,1.3,3.7
2004-03-01,FI,77.1,0.7,1.3
2004-03-01,IE,94.8,1.2,13.1
2004-03-01,LT,65.2,0.2,4.2
2004-03-01,NL,81.3,0.6,0.2
2004-03-01,NO,66.1,0.5,2.0
2004-03-01,PL,83.4,0.2,1.7
2004-03-01,PT,81.5,2.0,2.9
2004-04-01,AT,74.7,0.8,5.8
2004-04-01,ES,75.8,0.9,3.7
2004-04-01,FI,77.5,0.5,1.7
2004-04-01,IE,95.4,0.6,11.6
2004-04-01,LT,66.6,2.1,5.0
2004-04-01,NL,81.8,0.6,0.9
2004-04-01,NO,66.4,0.5,2.6
2004-04-01,PL,83.7,0.4,1.7
2004-04-01,PT,83.4,2.3,4.3
2004-05-01,AT,75.3,0.8,5.2
2004-05-01,ES,77.0,1.6,5.5
2004-05-01,FI,77.7,0.3,1.8
2004-05-01,IE,96.4,1.0,12.0
2004-05-01,LT,68.3,2.6,6.4
2004-05-01,NL,81.8,0.0,0.9
2004-05-01,NO,66.5,0.2,2.8
2004-05-01,PL,84.2,0.6,2.2
2004-05-01,PT,83.2,-0.2,4.3
2004-06-01,AT,75.3,0.0,5.0
2004-06-01,ES,76.9,-0.1,5.5
2004-06-01,FI,78.2,0.6,2.4
2004-06-01,IE,97.4,1.0,14.6
2004-06-01,LT,68.4,0.1,6.2
2004-06-01,NL,81.8,0.0,0.9
2004-06-01,NO,66.8,0.5,3.2
2004-06-01,PL,84.6,0.5,2.5
2004-06-01,PT,83.2,0.0,4.9
2004-07-01,AT,75.4,0.1,5.2
2004-07-01,ES,77.1,0.3,5.6
2004-07-01,FI,78.4,0.3,2.5
2004-07-01,IE,98.4,1.0,14.2
2004-07-01,LT,69.6,1.8,8.2
2004-07-01,NL,82.2,0.5,1.1
2004-07-01,NO,67.0,0.3,3.6
2004-07-01,PL,85.0,0.5,3.0
2004-07-01,PT,83.4,0.2,5.0
2004-08-01,AT,75.5,0.1,5.3
2004-08-01,ES,77.5,0.5,5.3
2004-08-01,FI,78.7,0.4,2.7
2004-08-01,IE,99.7,1.3,12.8
2004-08-01,LT,69.8,0.3,7.2
2004-08-01,NL,82.2,0.0,1.1
2004-08-01,NO,67.1,0.1,3.4
2004-08-01,PL,85.3,0.4,3.4
2004-08-01,PT,83.1,-0.4,4.9
2004-09-01,AT,75.8,0.4,5.6
2004-09-01,ES,77.7,0.3,5.6
2004-09-01,FI,78.7,0.0,2.9
2004-09-01,IE,101.2,1.5,12.3
2004-09-01,LT,70.2,0.6,8.7
2004-09-01,NL,82.0,-0.2,0.9
2004-09-01,NO,67.2,0.1,3.4
2004-09-01,PL,85.8,0.6,4.0
2004-09-01,PT,83.2,0.1,4.9
2004-10-01,AT,76.1,0.4,5.7
2004-10-01,ES,77.5,-0.3,6.2
2004-10-01,FI,79.0,0.4,3.5
2004-10-01,IE,101.9,0.7,12.1
2004-10-01,LT,71.2,1.4,11.6
2004-10-01,NL,82.2,0.2,1.1
2004-10-01,NO,67.3,0.1,3.4
2004-10-01,PL,85.9,0.1,4.0
2004-10-01,PT,84.0,1.0,5.8
2004-11-01,AT,76.2,0.1,5.5
2004-11-01,ES,78.1,0.8,5.8
2004-11-01,FI,79.1,0.1,3.5
2004-11-01,IE,101.6,-0.3,12.5
2004-11-01,LT,71.1,-0.1,9.2
2004-11-01,NL,82.1,-0.1,1.1
2004-11-01,NO,67.4,0.1,3.5
2004-11-01,PL,86.2,0.3,4.2
2004-11-01,PT,83.4,-0.7,5.4
2004-12-01,AT,76.2,0.0,5.5
2004-12-01,ES,78.0,-0.1,6.7
2004-12-01,FI,79.2,0.1,3.8
2004-12-01,IE,102.4,0.8,12.3
2004-12-01,LT,70.9,-0.3,9.1
2004-12-01,NL,82.0,-0.1,1.0
2004-12-01,NO,68.0,0.9,3.8
2004-12-01,PL,86.4,0.2,4.2
2004-12-01,PT,83.1,-0.4,4.9
2005-01-01,AT,76.5,0.4,4.7
2005-01-01,ES,79.6,2.1,8.2
2005-01-01,FI,79.6,0.5,4.1
2005-01-01,IE,102.8,0.4,11.7
2005-01-01,LT,71.1,0.3,10.1
2005-01-01,NL,82.3,0.4,2.4
2005-01-01,NO,68.2,0.3,3.8
2005-01-01,PL,86.5,0.1,4.2
2005-01-01,PT,82.4,-0.8,3.9
2005-02-01,AT,76.5,0.0,4.4
2005-02-01,ES,79.9,0.4,7.8
2005-02-01,FI,79.8,0.3,4.2
2005-02-01,IE,103.4,0.6,10.4
2005-02-01,LT,71.2,0.1,9.4
2005-02-01,NL,82.6,0.4,2.2
2005-02-01,NO,68.3,0.1,3.8
2005-02-01,PL,86.6,0.1,4.1
2005-02-01,PT,82.7,0.4,3.5
2005-03-01,AT,76.5,0.0,3.2
2005-03-01,ES,79.8,-0.1,6.3
2005-03-01,FI,80.1,0.4,3.9
2005-03-01,IE,103.5,0.1,9.2
2005-03-01,LT,70.9,-0.4,8.7
2005-03-01,NL,82.6,0.0,1.6
2005-03-01,NO,68.6,0.4,3.8
2005-03-01,PL,86.8,0.2,4.1
2005-03-01,PT,82.8,0.1,1.6
2005-04-01,AT,76.5,0.0,2.4
2005-04-01,ES,79.8,0.0,5.3
2005-04-01,FI,80.7,0.7,4.1
2005-04-01,IE,104.1,0.6,9.1
2005-04-01,LT,71.8,1.3,7.8
2005-04-01,NL,82.7,0.1,1.1
2005-04-01,NO,68.7,0.1,3.5
2005-04-01,PL,87.0,0.2,3.9
2005-04-01,PT,83.9,1.3,0.6
2005-05-01,AT,76.9,0.5,2.1
2005-05-01,ES,79.9,0.1,3.8
2005-05-01,FI,80.8,0.1,4.0
2005-05-01,IE,105.0,0.9,8.9
2005-05-01,LT,72.5,1.0,6.1
2005-05-01,NL,82.6,-0.1,1.0
2005-05-01,NO,68.9,0.3,3.6
2005-05-01,PL,87.1,0.1,3.4
2005-05-01,PT,83.9,0.0,0.8
2005-06-01,AT,76.5,-0.5,1.6
2005-06-01,ES,80.0,0.1,4.0
2005-06-01,FI,80.8,0.0,3.3
2005-06-01,IE,105.4,0.4,8.2
2005-06-01,LT,73.7,1.7,7.7
2005-06-01,NL,82.6,0.0,1.0
2005-06-01,NO,68.9,0.0,3.1
2005-06-01,PL,87.3,0.2,3.2
2005-06-01,PT,83.7,-0.2,0.6
2005-07-01,AT,76.5,0.0,1.5
2005-07-01,ES,80.0,0.0,3.8
2005-07-01,FI,81.0,0.2,3.3
2005-07-01,IE,106.5,1.0,8.2
2005-07-01,LT,74.8,1.5,7.5
2005-07-01,NL,82.8,0.2,0.7
2005-07-01,NO,69.0,0.1,3.0
2005-07-01,PL,87.4,0.1,2.8
2005-07-01,PT,84.5,1.0,1.3
2005-08-01,AT,76.5,0.0,1.3
2005-08-01,ES,80.0,0.0,3.2
2005-08-01,FI,81.1,0.1,3.0
2005-08-01,IE,106.6,0.1,6.9
2005-08-01,LT,75.0,0.3,7.4
2005-08-01,NL,82.9,0.1,0.9
2005-08-01,NO,69.2,0.3,3.1
2005-08-01,PL,87.6,0.2,2.7
2005-08-01,PT,84.9,0.5,2.2
2005-09-01,AT,76.6,0.1,1.1
2005-09-01,ES,80.3,0.4,3.3
2005-09-01,FI,81.2,0.1,3.2
2005-09-01,IE,107.2,0.6,5.9
2005-09-01,LT,76.1,1.5,8.4
2005-09-01,NL,83.1,0.2,1.3
2005-09-01,NO,69.3,0.1,3.1
2005-09-01,PL,87.8,0.2,2.3
2005-09-01,PT,84.8,-0.1,1.9
2005-10-01,AT,76.9,0.4,1.1
2005-10-01,ES,80.4,0.1,3.7
2005-10-01,FI,81.0,-0.2,2.5
2005-10-01,IE,108.8,1.5,6.8
2005-10-01,LT,77.1,1.3,8.3
2005-10-01,NL,83.3,0.2,1.3
2005-10-01,NO,69.4,0.1,3.1
2005-10-01,PL,87.9,0.1,2.3
2005-10-01,PT,85.6,0.9,1.9
2005-11-01,AT,77.2,0.4,1.3
2005-11-01,ES,80.7,0.4,3.3
2005-11-01,FI,81.2,0.2,2.7
2005-11-01,IE,110.5,1.6,8.8
2005-11-01,LT,77.3,0.3,8.7
2005-11-01,NL,83.2,-0.1,1.3
2005-11-01,NO,70.0,0.9,3.9
2005-11-01,PL,87.8,-0.1,1.9
2005-11-01,PT,85.4,-0.2,2.4
2005-12-01,AT,77.2,0.0,1.3
2005-12-01,ES,80.9,0.2,3.7
2005-12-01,FI,81.5,0.4,2.9
2005-12-01,IE,112.7,2.0,10.1
2005-12-01,LT,77.4,0.1,9.2
2005-12-01,NL,83.2,0.0,1.5
2005-12-01,NO,70.0,0.0,2.9
2005-12-01,PL,87.9,0.1,1.7
2005-12-01,PT,84.8,-0.7,2.0
2006-01-01,AT,77.9,0.9,1.8
2006-01-01,ES,83.0,2.6,4.3
2006-01-01,FI,82.0,0.6,3.0
2006-01-01,IE,110.9,-1.6,7.9
2006-01-01,LT,77.7,0.4,9.3
2006-01-01,NL,84.2,1.2,2.3
2006-01-01,NO,70.2,0.3,2.9
2006-01-01,PL,87.8,-0.1,1.5
2006-01-01,PT,84.6,-0.2,2.7
2006-02-01,AT,77.9,0.0,1.8
2006-02-01,ES,83.4,0.5,4.4
2006-02-01,FI,82.2,0.2,3.0
2006-02-01,IE,111.8,0.8,8.1
2006-02-01,LT,77.9,0.3,9.4
2006-02-01,NL,84.4,0.2,2.2
2006-02-01,NO,70.4,0.3,3.1
2006-02-01,PL,88.0,0.2,1.6
2006-02-01,PT,84.9,0.4,2.7
2006-03-01,AT,78.3,0.5,2.4
2006-03-01,ES,84.1,0.8,5.4
2006-03-01,FI,82.4,0.2,2.9
2006-03-01,IE,112.9,1.0,9.1
2006-03-01,LT,78.3,0.5,10.4
2006-03-01,NL,84.4,0.0,2.2
2006-03-01,NO,70.6,0.3,2.9
2006-03-01,PL,88.1,0.1,1.5
2006-03-01,PT,85.5,0.7,3.3
2006-04-01,AT,78.8,0.6,3.0
2006-04-01,ES,84.7,0.7,6.1
2006-04-01,FI,82.8,0.5,2.6
2006-04-01,IE,114.5,1.4,10.0
2006-04-01,LT,80.1,2.3,11.6
2006-04-01,NL,84.8,0.5,2.5
2006-04-01,NO,70.8,0.3,3.1
2006-04-01,PL,88.1,0.0,1.3
2006-04-01,PT,87.3,2.1,4.1
2006-05-01,AT,80.1,1.6,4.2
2006-05-01,ES,85.7,1.2,7.3
2006-05-01,FI,83.1,0.4,2.8
2006-05-01,IE,115.7,1.0,10.2
2006-05-01,LT,80.5,0.5,11.0
2006-05-01,NL,84.9,0.1,2.8
2006-05-01,NO,71.1,0.4,3.2
2006-05-01,PL,88.4,0.3,1.5
2006-05-01,PT,87.5,0.2,4.3
2006-06-01,AT,80.5,0.5,5.2
2006-06-01,ES,86.0,0.4,7.5
2006-06-01,FI,83.8,0.8,3.7
2006-06-01,IE,116.7,0.9,10.7
2006-06-01,LT,81.7,1.5,10.9
2006-06-01,NL,85.1,0.2,3.0
2006-06-01,NO,71.3,0.3,3.5
2006-06-01,PL,88.5,0.1,1.4
2006-06-01,PT,87.4,-0.1,4.4
2006-07-01,AT,81.1,0.7,6.0
2006-07-01,ES,86.3,0.3,7.9
2006-07-01,FI,84.2,0.5,4.0
2006-07-01,IE,118.2,1.3,11.0
2006-07-01,LT,82.8,1.3,10.7
2006-07-01,NL,86.0,1.1,3.9
2006-07-01,NO,71.5,0.3,3.6
2006-07-01,PL,88.7,0.2,1.5
2006-07-01,PT,87.7,0.3,3.8
2006-08-01,AT,81.3,0.2,6.3
2006-08-01,ES,86.6,0.3,8.3
2006-08-01,FI,84.3,0.1,3.9
2006-08-01,IE,119.4,1.0,12.0
2006-08-01,LT,83.2,0.5,10.9
2006-08-01,NL,86.1,0.1,3.9
2006-08-01,NO,71.8,0.4,3.8
2006-08-01,PL,89.0,0.3,1.6
2006-08-01,PT,87.6,-0.1,3.2
2006-09-01,AT,81.5,0.2,6.4
2006-09-01,ES,86.8,0.2,8.1
2006-09-01,FI,84.5,0.2,4.1
2006-09-01,IE,119.9,0.4,11.8
2006-09-01,LT,84.6,1.7,11.2
2006-09-01,NL,86.1,0.0,3.6
2006-09-01,NO,71.8,0.0,3.6
2006-09-01,PL,89.3,0.3,1.7
2006-09-01,PT,87.3,-0.3,2.9
2006-10-01,AT,81.5,0.0,6.0
2006-10-01,ES,87.1,0.3,8.3
2006-10-01,FI,85.1,0.7,5.1
2006-10-01,IE,119.4,-0.4,9.7
2006-10-01,LT,84.9,0.4,10.1
2006-10-01,NL,86.6,0.6,4.0
2006-10-01,NO,72.7,1.3,4.8
2006-10-01,PL,89.7,0.4,2.0
2006-10-01,PT,87.9,0.7,2.7
2006-11-01,AT,81.8,0.4,6.0
2006-11-01,ES,86.8,-0.3,7.6
2006-11-01,FI,85.4,0.4,5.2
2006-11-01,IE,119.9,0.4,8.5
2006-11-01,LT,85.5,0.7,10.6
2006-11-01,NL,86.5,-0.1,4.0
2006-11-01,NO,73.7,1.4,5.3
2006-11-01,PL,90.0,0.3,2.5
2006-11-01,PT,87.7,-0.2,2.7
2006-12-01,AT,81.7,-0.1,5.8
2006-12-01,ES,86.5,-0.3,6.9
2006-12-01,FI,85.6,0.2,5.0
2006-12-01,IE,120.2,0.3,6.7
2006-12-01,LT,87.0,1.8,12.4
2006-12-01,NL,86.5,0.0,4.0
2006-12-01,NO,73.8,0.1,5.4
2006-12-01,PL,90.2,0.2,2.6
2006-12-01,PT,87.6,-0.1,3.3
2007-01-01,AT,82.3,0.7,5.6
2007-01-01,ES,87.7,1.4,5.7
2007-01-01,FI,86.5,1.1,5.5
2007-01-01,IE,120.9,0.6,9.0
2007-01-01,LT,86.3,-0.8,11.1
2007-01-01,NL,88.0,1.7,4.5
2007-01-01,NO,74.5,0.9,6.1
2007-01-01,PL,90.6,0.4,3.2
2007-01-01,PT,87.7,0.1,3.7
2007-02-01,AT,82.8,0.6,6.3
2007-02-01,ES,88.3,0.7,5.9
2007-02-01,FI,86.9,0.5,5.7
2007-02-01,IE,121.7,0.7,8.9
2007-02-01,LT,87.6,1.5,12.5
2007-02-01,NL,88.1,0.1,4.4
2007-02-01,NO,74.8,0.4,6.2
2007-02-01,PL,91.8,1.3,4.3
2007-02-01,PT,87.5,-0.2,3.1
2007-03-01,AT,83.0,0.2,6.0
2007-03-01,ES,89.0,0.8,5.8
2007-03-01,FI,87.2,0.3,5.8
2007-03-01,IE,120.9,-0.7,7.1
2007-03-01,LT,88.7,1.3,13.3
2007-03-01,NL,88.4,0.3,4.7
2007-03-01,NO,75.0,0.3,6.2
2007-03-01,PL,92.5,0.8,5.0
2007-03-01,PT,88.1,0.7,3.0
2007-04-01,AT,83.3,0.4,5.7
2007-04-01,ES,89.9,1.0,6.1
2007-04-01,FI,88.3,1.3,6.6
2007-04-01,IE,120.9,0.0,5.6
2007-04-01,LT,92.6,4.4,15.6
2007-04-01,NL,88.8,0.5,4.7
2007-04-01,NO,76.2,1.6,7.6
2007-04-01,PL,93.5,1.1,6.1
2007-04-01,PT,89.8,1.9,2.9
2007-05-01,AT,84.4,1.3,5.4
2007-05-01,ES,90.3,0.4,5.4
2007-05-01,FI,88.6,0.3,6.6
2007-05-01,IE,119.6,-1.1,3.4
2007-05-01,LT,93.4,0.9,16.0
2007-05-01,NL,88.9,0.1,4.7
2007-05-01,NO,76.8,0.8,8.0
2007-05-01,PL,94.3,0.9,6.7
2007-05-01,PT,90.8,1.1,3.8
2007-06-01,AT,84.5,0.1,5.0
2007-06-01,ES,90.3,0.0,5.0
2007-06-01,FI,88.7,0.1,5.8
2007-06-01,IE,118.7,-0.8,1.7
2007-06-01,LT,95.4,2.1,16.8
2007-06-01,NL,89.0,0.1,4.6
2007-06-01,NO,76.9,0.1,7.9
2007-06-01,PL,94.9,0.6,7.2
2007-06-01,PT,90.5,-0.3,3.5
2007-07-01,AT,84.4,-0.1,4.1
2007-07-01,ES,90.1,-0.2,4.4
2007-07-01,FI,89.0,0.3,5.7
2007-07-01,IE,118.3,-0.3,0.1
2007-07-01,LT,96.7,1.4,16.8
2007-07-01,NL,89.5,0.6,4.1
2007-07-01,NO,77.0,0.1,7.7
2007-07-01,PL,95.7,0.8,7.9
2007-07-01,PT,90.8,0.3,3.5
2007-08-01,AT,84.1,-0.4,3.4
2007-08-01,ES,89.9,-0.2,3.8
2007-08-01,FI,89.2,0.2,5.8
2007-08-01,IE,117.9,-0.3,-1.3
2007-08-01,LT,97.9,1.2,17.7
2007-08-01,NL,89.4,-0.1,3.8
2007-08-01,NO,77.4,0.5,7.8
2007-08-01,PL,96.3,0.6,8.2
2007-08-01,PT,90.6,-0.2,3.4
2007-09-01,AT,84.1,0.0,3.2
2007-09-01,ES,89.9,0.0,3.6
2007-09-01,FI,89.7,0.6,6.2
2007-09-01,IE,117.9,0.0,-1.7
2007-09-01,LT,100.0,2.1,18.2
2007-09-01,NL,89.2,-0.2,3.6
2007-09-01,NO,77.6,0.3,8.1
2007-09-01,PL,96.6,0.3,8.2
2007-09-01,PT,90.5,-0.1,3.7
2007-10-01,AT,84.1,0.0,3.2
2007-10-01,ES,91.4,1.7,4.9
2007-10-01,FI,90.3,0.7,6.1
2007-10-01,IE,116.3,-1.4,-2.6
2007-10-01,LT,99.9,-0.1,17.7
2007-10-01,NL,89.3,0.1,3.1
2007-10-01,NO,78.0,0.5,7.3
2007-10-01,PL,97.4,0.8,8.6
2007-10-01,PT,91.0,0.6,3.5
2007-11-01,AT,84.2,0.1,2.9
2007-11-01,ES,89.5,-2.1,3.1
2007-11-01,FI,90.3,0.0,5.7
2007-11-01,IE,115.5,-0.7,-3.7
2007-11-01,LT,101.4,1.5,18.6
2007-11-01,NL,89.2,-0.1,3.1
2007-11-01,NO,79.2,1.5,7.5
2007-11-01,PL,97.7,0.3,8.6
2007-11-01,PT,91.0,0.0,3.8
2007-12-01,AT,84.2,0.0,3.1
2007-12-01,ES,92.0,2.8,6.4
2007-12-01,FI,90.4,0.1,5.6
2007-12-01,IE,115.3,-0.2,-4.1
2007-12-01,LT,102.5,1.1,17.8
2007-12-01,NL,89.3,0.1,3.2
2007-12-01,NO,79.5,0.4,7.7
2007-12-01,PL,98.6,0.9,9.3
2007-12-01,PT,91.0,0.0,3.9
2008-01-01,AT,85.7,1.8,4.1
2008-01-01,ES,90.3,-1.8,3.0
2008-01-01,FI,90.3,-0.1,4.4
2008-01-01,IE,114.8,-0.4,-5.0
2008-01-01,LT,102.2,-0.3,18.4
2008-01-01,NL,91.3,2.2,3.7
2008-01-01,NO,79.8,0.4,7.1
2008-01-01,PL,99.5,0.9,9.8
2008-01-01,PT,91.5,0.5,4.3
2008-02-01,AT,86.1,0.5,4.0
2008-02-01,ES,91.1,0.9,3.2
2008-02-01,FI,90.8,0.6,4.5
2008-02-01,IE,114.4,-0.3,-6.0
2008-02-01,LT,102.9,0.7,17.5
2008-02-01,NL,91.5,0.2,3.9
2008-02-01,NO,80.2,0.5,7.2
2008-02-01,PL,99.8,0.3,8.7
2008-02-01,PT,92.5,1.1,5.7
2008-03-01,AT,86.5,0.5,4.2
2008-03-01,ES,90.8,-0.3,2.0
2008-03-01,FI,91.9,1.2,5.4
2008-03-01,IE,113.8,-0.5,-5.9
2008-03-01,LT,104.7,1.7,18.0
2008-03-01,NL,91.6,0.1,3.6
2008-03-01,NO,80.4,0.2,7.2
2008-03-01,PL,100.7,0.9,8.9
2008-03-01,PT,93.2,0.8,5.8
2008-04-01,AT,86.6,0.1,4.0
2008-04-01,ES,94.0,3.5,4.6
2008-04-01,FI,92.1,0.2,4.3
2008-04-01,IE,111.6,-1.9,-7.7
2008-04-01,LT,104.7,0.0,13.1
2008-04-01,NL,92.6,1.1,4.3
2008-04-01,NO,80.8,0.5,6.0
2008-04-01,PL,101.1,0.4,8.1
2008-04-01,PT,95.2,2.1,6.0
2008-05-01,AT,89.1,2.9,5.6
2008-05-01,ES,94.5,0.5,4.7
2008-05-01,FI,92.4,0.3,4.3
2008-05-01,IE,109.7,-1.7,-8.3
2008-05-01,LT,105.9,1.1,13.4
2008-05-01,NL,92.8,0.2,4.4
2008-05-01,NO,80.9,0.1,5.3
2008-05-01,PL,101.5,0.4,7.6
2008-05-01,PT,96.4,1.3,6.2
2008-06-01,AT,89.4,0.3,5.8
2008-06-01,ES,95.5,1.1,5.8
2008-06-01,FI,92.7,0.3,4.5
2008-06-01,IE,108.2,-1.4,-8.8
2008-06-01,LT,106.9,0.9,12.1
2008-06-01,NL,93.2,0.4,4.7
2008-06-01,NO,81.0,0.1,5.3
2008-06-01,PL,101.8,0.3,7.3
2008-06-01,PT,97.6,1.2,7.8
2008-07-01,AT,89.9,0.6,6.5
2008-07-01,ES,96.2,0.7,6.8
2008-07-01,FI,92.8,0.1,4.3
2008-07-01,IE,108.1,-0.1,-8.6
2008-07-01,LT,106.6,-0.3,10.2
2008-07-01,NL,94.2,1.1,5.3
2008-07-01,NO,81.3,0.4,5.6
2008-07-01,PL,102.1,0.3,6.7
2008-07-01,PT,99.0,1.4,9.0
2008-08-01,AT,90.0,0.1,7.0
2008-08-01,ES,96.8,0.6,7.7
2008-08-01,FI,93.0,0.2,4.3
2008-08-01,IE,107.7,-0.4,-8.7
2008-08-01,LT,107.4,0.8,9.7
2008-08-01,NL,94.2,0.0,5.4
2008-08-01,NO,81.7,0.5,5.6
2008-08-01,PL,102.3,0.2,6.2
2008-08-01,PT,98.3,-0.7,8.5
2008-09-01,AT,89.7,-0.3,6.7
2008-09-01,ES,96.5,-0.3,7.3
2008-09-01,FI,92.9,-0.1,3.6
2008-09-01,IE,107.2,-0.5,-9.1
2008-09-01,LT,105.8,-1.5,5.8
2008-09-01,NL,94.0,-0.2,5.4
2008-09-01,NO,81.7,0.0,5.3
2008-09-01,PL,102.5,0.2,6.1
2008-09-01,PT,96.7,-1.6,6.9
2008-10-01,AT,88.6,-1.2,5.4
2008-10-01,ES,94.8,-1.8,3.7
2008-10-01,FI,93.2,0.3,3.2
2008-10-01,IE,106.7,-0.5,-8.3
2008-10-01,LT,102.6,-3.0,2.7
2008-10-01,NL,93.8,-0.2,5.0
2008-10-01,NO,82.2,0.6,5.4
2008-10-01,PL,102.7,0.2,5.4
2008-10-01,PT,96.4,-0.3,5.9
2008-11-01,AT,88.4,-0.2,5.0
2008-11-01,ES,93.2,-1.7,4.1
2008-11-01,FI,92.5,-0.8,2.4
2008-11-01,IE,106.6,-0.1,-7.7
2008-11-01,LT,102.0,-0.6,0.6
2008-11-01,NL,93.4,-0.4,4.7
2008-11-01,NO,82.7,0.6,4.4
2008-11-01,PL,102.6,-0.1,5.0
2008-11-01,PT,94.9,-1.6,4.3
2008-12-01,AT,88.1,-0.3,4.6
2008-12-01,ES,95.3,2.3,3.6
2008-12-01,FI,91.8,-0.8,1.5
2008-12-01,IE,105.9,-0.7,-8.2
2008-12-01,LT,100.0,-2.0,-2.4
2008-12-01,NL,93.4,0.0,4.6
2008-12-01,NO,82.6,-0.1,3.9
2008-12-01,PL,102.6,0.0,4.1
2008-12-01,PT,94.2,-0.7,3.5
2009-01-01,AT,88.9,0.9,3.7
2009-01-01,ES,95.2,-0.1,5.4
2009-01-01,FI,91.6,-0.2,1.4
2009-01-01,IE,104.5,-1.3,-9.0
2009-01-01,LT,98.3,-1.7,-3.8
2009-01-01,NL,94.1,0.7,3.1
2009-01-01,NO,82.6,0.0,3.5
2009-01-01,PL,102.5,-0.1,3.0
2009-01-01,PT,93.4,-0.8,2.1
2009-02-01,AT,88.3,-0.7,2.6
2009-02-01,ES,95.4,0.2,4.7
2009-02-01,FI,91.5,-0.1,0.8
2009-02-01,IE,103.8,-0.7,-9.3
2009-02-01,LT,94.2,-4.2,-8.5
2009-02-01,NL,94.2,0.1,3.0
2009-02-01,NO,82.7,0.1,3.1
2009-02-01,PL,102.3,-0.2,2.5
2009-02-01,PT,93.0,-0.4,0.5
2009-03-01,AT,87.8,-0.6,1.5
2009-03-01,ES,94.7,-0.7,4.3
2009-03-01,FI,91.9,0.4,0.0
2009-03-01,IE,101.9,-1.8,-10.5
2009-03-01,LT,91.9,-2.4,-12.2
2009-03-01,NL,94.1,-0.1,2.7
2009-03-01,NO,82.7,0.0,2.9
2009-03-01,PL,102.1,-0.2,1.4
2009-03-01,PT,92.4,-0.6,-0.9
2009-04-01,AT,87.5,-0.3,1.0
2009-04-01,ES,95.1,0.4,1.2
2009-04-01,FI,91.5,-0.4,-0.7
2009-04-01,IE,99.3,-2.6,-11.0
2009-04-01,LT,89.9,-2.2,-14.1
2009-04-01,NL,93.5,-0.6,1.0
2009-04-01,NO,82.7,0.0,2.4
2009-04-01,PL,102.0,-0.1,0.9
2009-04-01,PT,92.5,0.1,-2.8
2009-05-01,AT,88.8,1.5,-0.3
2009-05-01,ES,94.9,-0.2,0.4
2009-05-01,FI,91.3,-0.2,-1.2
2009-05-01,IE,97.1,-2.2,-11.5
2009-05-01,LT,89.7,-0.2,-15.3
2009-05-01,NL,93.5,0.0,0.8
2009-05-01,NO,82.7,0.0,2.2
2009-05-01,PL,101.8,-0.2,0.3
2009-05-01,PT,93.3,0.9,-3.2
2009-06-01,AT,88.8,0.0,-0.7
2009-06-01,ES,94.9,0.0,-0.6
2009-06-01,FI,91.1,-0.2,-1.7
2009-06-01,IE,96.9,-0.2,-10.4
2009-06-01,LT,88.5,-1.3,-17.2
2009-06-01,NL,93.4,-0.1,0.2
2009-06-01,NO,82.8,0.1,2.2
2009-06-01,PL,101.7,-0.1,-0.1
2009-06-01,PT,93.4,0.1,-4.3
2009-07-01,AT,88.7,-0.1,-1.3
2009-07-01,ES,94.8,-0.1,-1.5
2009-07-01,FI,91.1,0.0,-1.8
2009-07-01,IE,96.8,-0.1,-10.5
2009-07-01,LT,87.4,-1.2,-18.0
2009-07-01,NL,93.1,-0.3,-1.2
2009-07-01,NO,82.9,0.1,2.0
2009-07-01,PL,101.6,-0.1,-0.5
2009-07-01,PT,93.6,0.2,-5.5
2009-08-01,AT,88.9,0.2,-1.2
2009-08-01,ES,95.3,0.5,-1.5
2009-08-01,FI,91.1,0.0,-2.0
2009-08-01,IE,96.8,0.0,-10.1
2009-08-01,LT,87.9,0.6,-18.2
2009-08-01,NL,93.1,0.0,-1.2
2009-08-01,NO,83.4,0.6,2.1
2009-08-01,PL,101.7,0.1,-0.6
2009-08-01,PT,93.7,0.1,-4.7
2009-09-01,AT,89.3,0.4,-0.4
2009-09-01,ES,95.3,0.0,-1.2
2009-09-01,FI,90.8,-0.3,-2.3
2009-09-01,IE,96.9,0.1,-9.6
2009-09-01,LT,87.1,-0.9,-17.7
2009-09-01,NL,93.2,0.1,-0.9
2009-09-01,NO,83.7,0.4,2.4
2009-09-01,PL,101.6,-0.1,-0.9
2009-09-01,PT,93.6,-0.1,-3.2
2009-10-01,AT,89.3,0.0,0.8
2009-10-01,ES,95.3,0.0,0.5
2009-10-01,FI,91.0,0.2,-2.4
2009-10-01,IE,97.0,0.1,-9.1
2009-10-01,LT,85.6,-1.7,-16.6
2009-10-01,NL,92.4,-0.9,-1.5
2009-10-01,NO,83.9,0.2,2.1
2009-10-01,PL,101.5,-0.1,-1.2
2009-10-01,PT,94.0,0.4,-2.5
2009-11-01,AT,89.1,-0.2,0.8
2009-11-01,ES,95.1,-0.2,2.0
2009-11-01,FI,90.8,-0.2,-1.8
2009-11-01,IE,97.0,0.0,-9.0
2009-11-01,LT,85.0,-0.7,-16.7
2009-11-01,NL,92.4,0.0,-1.1
2009-11-01,NO,84.0,0.1,1.6
2009-11-01,PL,101.6,0.1,-1.0
2009-11-01,PT,94.0,0.0,-0.9
2009-12-01,AT,89.1,0.0,1.1
2009-12-01,ES,95.1,0.0,-0.2
2009-12-01,FI,90.8,0.0,-1.1
2009-12-01,IE,97.0,0.0,-8.4
2009-12-01,LT,84.6,-0.5,-15.4
2009-12-01,NL,92.4,0.0,-1.1
2009-12-01,NO,84.1,0.1,1.8
2009-12-01,PL,101.6,0.0,-1.0
2009-12-01,PT,93.8,-0.2,-0.4
2010-01-01,AT,89.8,0.8,1.0
2010-01-01,ES,95.5,0.4,0.3
2010-01-01,FI,91.3,0.6,-0.3
2010-01-01,IE,97.6,0.6,-6.6
2010-01-01,LT,83.5,-1.3,-15.1
2010-01-01,NL,92.9,0.5,-1.3
2010-01-01,NO,84.2,0.1,1.9
2010-01-01,PL,101.3,-0.3,-1.2
2010-01-01,PT,93.5,-0.3,0.1
2010-02-01,AT,90.1,0.3,2.0
2010-02-01,ES,95.5,0.0,0.1
2010-02-01,FI,91.2,-0.1,-0.3
2010-02-01,IE,97.8,0.2,-5.8
2010-02-01,LT,83.8,0.4,-11.0
2010-02-01,NL,92.9,0.0,-1.4
2010-02-01,NO,84.7,0.6,2.4
2010-02-01,PL,101.4,0.1,-0.9
2010-02-01,PT,93.6,0.1,0.6
2010-03-01,AT,90.4,0.3,3.0
2010-03-01,ES,96.0,0.5,1.4
2010-03-01,FI,91.4,0.2,-0.5
2010-03-01,IE,98.1,0.3,-3.7
2010-03-01,LT,83.6,-0.2,-9.0
2010-03-01,NL,93.3,0.4,-0.9
2010-03-01,NO,85.0,0.4,2.8
2010-03-01,PL,101.6,0.2,-0.5
2010-03-01,PT,93.9,0.3,1.6
2010-04-01,AT,91.4,1.1,4.5
2010-04-01,ES,97.8,1.9,2.8
2010-04-01,FI,91.6,0.2,0.1
2010-04-01,IE,99.1,1.0,-0.2
2010-04-01,LT,83.8,0.2,-6.8
2010-04-01,NL,93.6,0.3,0.1
2010-04-01,NO,85.5,0.6,3.4
2010-04-01,PL,101.7,0.1,-0.3
2010-04-01,PT,95.1,1.3,2.8
2010-05-01,AT,92.2,0.9,3.8
2010-05-01,ES,98.2,0.4,3.5
2010-05-01,FI,91.8,0.2,0.5
2010-05-01,IE,99.6,0.5,2.6
2010-05-01,LT,84.5,0.8,-5.8
2010-05-01,NL,93.7,0.1,0.2
2010-05-01,NO,85.8,0.4,3.7
2010-05-01,PL,101.9,0.2,0.1
2010-05-01,PT,95.1,0.0,1.9
2010-06-01,AT,92.0,-0.2,3.6
2010-06-01,ES,98.0,-0.2,3.3
2010-06-01,FI,92.1,0.3,1.1
2010-06-01,IE,99.5,-0.1,2.7
2010-06-01,LT,84.9,0.5,-4.1
2010-06-01,NL,93.6,-0.1,0.2
2010-06-01,NO,85.9,0.1,3.7
2010-06-01,PL,101.9,0.0,0.2
2010-06-01,PT,95.1,0.0,1.8
2010-07-01,AT,91.7,-0.3,3.4
2010-07-01,ES,97.4,-0.6,2.7
2010-07-01,FI,92.4,0.3,1.4
2010-07-01,IE,100.0,0.5,3.3
2010-07-01,LT,86.1,1.4,-1.5
2010-07-01,NL,93.7,0.1,0.6
2010-07-01,NO,85.9,0.0,3.6
2010-07-01,PL,101.8,-0.1,0.2
2010-07-01,PT,95.3,0.2,1.8
2010-08-01,AT,91.9,0.2,3.4
2010-08-01,ES,98.0,0.6,2.8
2010-08-01,FI,92.5,0.1,1.5
2010-08-01,IE,100.0,0.0,3.3
2010-08-01,LT,85.9,-0.2,-2.3
2010-08-01,NL,93.8,0.1,0.8
2010-08-01,NO,86.1,0.2,3.2
2010-08-01,PL,101.9,0.1,0.2
2010-08-01,PT,95.3,0.0,1.7
2010-09-01,AT,92.1,0.2,3.1
2010-09-01,ES,98.4,0.4,3.3
2010-09-01,FI,92.7,0.2,2.1
2010-09-01,IE,100.0,0.0,3.2
2010-09-01,LT,86.1,0.2,-1.1
2010-09-01,NL,93.8,0.0,0.6
2010-09-01,NO,86.2,0.1,3.0
2010-09-01,PL,101.8,-0.1,0.2
2010-09-01,PT,95.3,0.0,1.8
2010-10-01,AT,92.1,0.0,3.1
2010-10-01,ES,98.0,-0.4,2.8
2010-10-01,FI,93.0,0.3,2.2
2010-10-01,IE,99.8,-0.2,2.9
2010-10-01,LT,86.0,-0.1,0.5
2010-10-01,NL,93.9,0.1,1.6
2010-10-01,NO,86.6,0.5,3.2
2010-10-01,PL,101.8,0.0,0.3
2010-10-01,PT,95.6,0.3,1.7
2010-11-01,AT,92.1,0.0,3.4
2010-11-01,ES,98.0,0.0,3.0
2010-11-01,FI,92.9,-0.1,2.3
2010-11-01,IE,99.8,0.0,2.9
2010-11-01,LT,85.6,-0.5,0.7
2010-11-01,NL,93.9,0.0,1.6
2010-11-01,NO,87.0,0.5,3.6
2010-11-01,PL,101.8,0.0,0.2
2010-11-01,PT,95.6,0.0,1.7
2010-12-01,AT,92.4,0.3,3.7
2010-12-01,ES,98.9,0.9,4.0
2010-12-01,FI,93.2,0.3,2.6
2010-12-01,IE,100.0,0.2,3.1
2010-12-01,LT,85.0,-0.7,0.5
2010-12-01,NL,94.1,0.2,1.8
2010-12-01,NO,87.1,0.1,3.6
2010-12-01,PL,101.8,0.0,0.2
2010-12-01,PT,95.8,0.2,2.1
2011-01-01,AT,93.0,0.6,3.6
2011-01-01,ES,99.7,0.8,4.4
2011-01-01,FI,93.6,0.4,2.5
2011-01-01,IE,100.1,0.1,2.6
2011-01-01,LT,85.2,0.2,2.0
2011-01-01,NL,94.7,0.6,1.9
2011-01-01,NO,87.6,0.6,4.0
2011-01-01,PL,102.0,0.2,0.7
2011-01-01,PT,96.1,0.3,2.8
2011-02-01,AT,93.4,0.4,3.7
2011-02-01,ES,101.2,1.5,6.0
2011-02-01,FI,93.8,0.2,2.9
2011-02-01,IE,96.6,-3.5,-1.2
2011-02-01,LT,84.9,-0.4,1.3
2011-02-01,NL,94.8,0.1,2.0
2011-02-01,NO,87.8,0.2,3.7
2011-02-01,PL,102.0,0.0,0.6
2011-02-01,PT,95.9,-0.2,2.5
2011-03-01,AT,93.4,0.0,3.3
2011-03-01,ES,101.1,-0.1,5.3
2011-03-01,FI,94.5,0.7,3.4
2011-03-01,IE,96.3,-0.3,-1.8
2011-03-01,LT,84.5,-0.5,1.1
2011-03-01,NL,94.8,0.0,1.6
2011-03-01,NO,88.2,0.5,3.8
2011-03-01,PL,102.2,0.2,0.6
2011-03-01,PT,96.1,0.2,2.3
2011-04-01,AT,93.3,-0.1,2.1
2011-04-01,ES,101.5,0.4,3.8
2011-04-01,FI,94.9,0.4,3.6
2011-04-01,IE,96.4,0.1,-2.7
2011-04-01,LT,87.3,3.3,4.2
2011-04-01,NL,95.3,0.5,1.8
2011-04-01,NO,88.4,0.2,3.4
2011-04-01,PL,102.4,0.2,0.7
2011-04-01,PT,96.1,0.0,1.1
2011-05-01,AT,93.7,0.4,1.6
2011-05-01,ES,101.5,0.0,3.4
2011-05-01,FI,95.4,0.5,3.9
2011-05-01,IE,96.6,0.2,-3.0
2011-05-01,LT,88.1,0.9,4.3
2011-05-01,NL,95.3,0.0,1.7
2011-05-01,NO,88.9,0.6,3.6
2011-05-01,PL,102.8,0.4,0.9
2011-05-01,PT,96.4,0.3,1.4
2011-06-01,AT,93.6,-0.1,1.7
2011-06-01,ES,101.7,0.2,3.8
2011-06-01,FI,95.6,0.2,3.8
2011-06-01,IE,96.7,0.1,-2.8
2011-06-01,LT,89.1,1.1,4.9
2011-06-01,NL,95.4,0.1,1.9
2011-06-01,NO,89.1,0.2,3.7
2011-06-01,PL,102.9,0.1,1.0
2011-06-01,PT,95.9,-0.5,0.8
2011-07-01,AT,93.7,0.1,2.2
2011-07-01,ES,101.8,0.1,4.5
2011-07-01,FI,95.7,0.1,3.6
2011-07-01,IE,96.7,0.0,-3.3
2011-07-01,LT,89.9,0.9,4.4
2011-07-01,NL,95.7,0.3,2.1
2011-07-01,NO,89.1,0.0,3.7
2011-07-01,PL,103.0,0.1,1.2
2011-07-01,PT,96.4,0.5,1.2
2011-08-01,AT,94.0,0.3,2.3
2011-08-01,ES,101.7,-0.1,3.8
2011-08-01,FI,95.8,0.1,3.6
2011-08-01,IE,97.0,0.3,-3.0
2011-08-01,LT,89.6,-0.3,4.3
2011-08-01,NL,95.7,0.0,2.0
2011-08-01,NO,89.2,0.1,3.6
2011-08-01,PL,103.2,0.2,1.3
2011-08-01,PT,96.3,-0.1,1.0
2011-09-01,AT,93.9,-0.1,2.0
2011-09-01,ES,101.6,-0.1,3.3
2011-09-01,FI,96.0,0.2,3.6
2011-09-01,IE,97.1,0.1,-2.9
2011-09-01,LT,89.5,-0.1,3.9
2011-09-01,NL,95.7,0.0,2.0
2011-09-01,NO,89.2,0.0,3.5
2011-09-01,PL,103.3,0.1,1.5
2011-09-01,PT,96.5,0.2,1.3
2011-10-01,AT,93.8,-0.1,1.8
2011-10-01,ES,101.1,-0.5,3.2
2011-10-01,FI,95.7,-0.3,2.9
2011-10-01,IE,97.0,-0.1,-2.8
2011-10-01,LT,90.3,0.9,5.0
2011-10-01,NL,95.7,0.0,1.9
2011-10-01,NO,89.6,0.4,3.5
2011-10-01,PL,103.3,0.0,1.5
2011-10-01,PT,96.6,0.1,1.0
2011-11-01,AT,93.6,-0.2,1.6
2011-11-01,ES,100.8,-0.3,2.9
2011-11-01,FI,96.0,0.3,3.3
2011-11-01,IE,97.1,0.1,-2.7
2011-11-01,LT,89.6,-0.8,4.7
2011-11-01,NL,95.7,0.0,1.9
2011-11-01,NO,90.1,0.6,3.6
2011-11-01,PL,103.5,0.2,1.7
2011-11-01,PT,96.4,-0.2,0.8
2011-12-01,AT,93.7,0.1,1.4
2011-12-01,ES,100.6,-0.2,1.7
2011-12-01,FI,96.0,0.0,3.0
2011-12-01,IE,97.2,0.1,-2.8
2011-12-01,LT,89.3,-0.3,5.1
2011-12-01,NL,95.8,0.1,1.8
2011-12-01,NO,90.2,0.1,3.6
2011-12-01,PL,103.7,0.2,1.9
2011-12-01,PT,96.4,0.0,0.6
2012-01-01,AT,94.6,1.0,1.7
2012-01-01,ES,100.9,0.3,1.2
2012-01-01,FI,96.4,0.4,3.0
2012-01-01,IE,97.3,0.1,-2.8
2012-01-01,LT,88.5,-0.9,3.9
2012-01-01,NL,97.1,1.4,2.5
2012-01-01,NO,90.5,0.3,3.3
2012-01-01,PL,103.7,0.0,1.7
2012-01-01,PT,96.8,0.4,0.7
2012-02-01,AT,96.1,1.6,2.9
2012-02-01,ES,101.2,0.3,0.0
2012-02-01,FI,96.7,0.3,3.1
2012-02-01,IE,97.4,0.1,0.8
2012-02-01,LT,88.9,0.5,4.7
2012-02-01,NL,97.3,0.2,2.6
2012-02-01,NO,90.8,0.3,3.4
2012-02-01,PL,103.8,0.1,1.8
2012-02-01,PT,96.3,-0.5,0.4
2012-03-01,AT,94.8,-1.4,1.5
2012-03-01,ES,101.3,0.1,0.2
2012-03-01,FI,97.5,0.8,3.2
2012-03-01,IE,97.6,0.2,1.3
2012-03-01,LT,88.4,-0.6,4.6
2012-03-01,NL,97.4,0.1,2.7
2012-03-01,NO,91.0,0.2,3.2
2012-03-01,PL,103.7,-0.1,1.5
2012-03-01,PT,96.3,0.0,0.2
2012-04-01,AT,94.7,-0.1,1.5
2012-04-01,ES,101.2,-0.1,-0.3
2012-04-01,FI,97.4,-0.1,2.6
2012-04-01,IE,98.0,0.4,1.7
2012-04-01,LT,89.7,1.5,2.7
2012-04-01,NL,97.6,0.2,2.4
2012-04-01,NO,91.3,0.3,3.3
2012-04-01,PL,103.6,-0.1,1.2
2012-04-01,PT,96.6,0.3,0.5
2012-05-01,AT,96.2,1.6,2.7
2012-05-01,ES,101.4,0.2,-0.1
2012-05-01,FI,97.6,0.2,2.3
2012-05-01,IE,98.2,0.2,1.7
2012-05-01,LT,89.9,0.2,2.0
2012-05-01,NL,97.6,0.0,2.4
2012-05-01,NO,91.5,0.2,2.9
2012-05-01,PL,103.5,-0.1,0.7
2012-05-01,PT,96.4,-0.2,0.0
2012-06-01,AT,95.9,-0.3,2.5
2012-06-01,ES,101.5,0.1,-0.2
2012-06-01,FI,97.8,0.2,2.3
2012-06-01,IE,98.2,0.0,1.6
2012-06-01,LT,91.1,1.3,2.2
2012-06-01,NL,97.7,0.1,2.4
2012-06-01,NO,91.6,0.1,2.8
2012-06-01,PL,103.4,-0.1,0.5
2012-06-01,PT,96.7,0.3,0.8
2012-07-01,AT,95.8,-0.1,2.2
2012-07-01,ES,101.0,-0.5,-0.8
2012-07-01,FI,97.8,0.0,2.2
2012-07-01,IE,98.5,0.3,1.9
2012-07-01,LT,91.8,0.8,2.1
2012-07-01,NL,97.6,-0.1,2.0
2012-07-01,NO,91.7,0.1,2.9
2012-07-01,PL,103.1,-0.3,0.1
2012-07-01,PT,97.3,0.6,0.9
2012-08-01,AT,95.9,0.1,2.0
2012-08-01,ES,100.8,-0.2,-0.9
2012-08-01,FI,97.9,0.1,2.2
2012-08-01,IE,98.5,0.0,1.5
2012-08-01,LT,91.6,-0.2,2.2
2012-08-01,NL,98.0,0.4,2.4
2012-08-01,NO,92.1,0.4,3.3
2012-08-01,PL,103.0,-0.1,-0.2
2012-08-01,PT,97.1,-0.2,0.8
2012-09-01,AT,96.0,0.1,2.2
2012-09-01,ES,100.6,-0.2,-1.0
2012-09-01,FI,98.0,0.1,2.1
2012-09-01,IE,98.2,-0.3,1.1
2012-09-01,LT,92.7,1.2,3.6
2012-09-01,NL,97.9,-0.1,2.3
2012-09-01,NO,92.1,0.0,3.3
2012-09-01,PL,102.9,-0.1,-0.4
2012-09-01,PT,97.1,0.0,0.6
2012-10-01,AT,96.0,0.0,2.3
2012-10-01,ES,100.5,-0.1,-0.6
2012-10-01,FI,98.0,0.0,2.4
2012-10-01,IE,98.3,0.1,1.3
2012-10-01,LT,91.9,-0.9,1.8
2012-10-01,NL,97.8,-0.1,2.2
2012-10-01,NO,92.4,0.3,3.1
2012-10-01,PL,102.7,-0.2,-0.6
2012-10-01,PT,97.1,0.0,0.5
2012-11-01,AT,96.1,0.1,2.7
2012-11-01,ES,100.4,-0.1,-0.4
2012-11-01,FI,97.8,-0.2,1.9
2012-11-01,IE,98.4,0.1,1.3
2012-11-01,LT,92.4,0.5,3.1
2012-11-01,NL,97.8,0.0,2.2
2012-11-01,NO,92.8,0.4,3.0
2012-11-01,PL,102.6,-0.1,-0.9
2012-11-01,PT,97.4,0.3,1.0
2012-12-01,AT,96.2,0.1,2.7
2012-12-01,ES,100.4,0.0,-0.2
2012-12-01,FI,97.8,0.0,1.9
2012-12-01,IE,98.6,0.2,1.4
2012-12-01,LT,92.8,0.4,3.9
2012-12-01,NL,97.7,-0.1,2.0
2012-12-01,NO,92.8,0.0,2.9
2012-12-01,PL,102.5,-0.1,-1.2
2012-12-01,PT,97.5,0.1,1.1
2013-01-01,AT,96.7,0.5,2.2
2013-01-01,ES,100.4,0.0,-0.5
2013-01-01,FI,98.1,0.3,1.8
2013-01-01,IE,98.6,0.0,1.3
2013-01-01,LT,93.0,0.2,5.1
2013-01-01,NL,97.8,0.1,0.7
2013-01-01,NO,93.3,0.5,3.1
2013-01-01,PL,102.3,-0.2,-1.4
2013-01-01,PT,98.1,0.6,1.3
2013-02-01,AT,97.0,0.3,0.9
2013-02-01,ES,100.6,0.2,-0.6
2013-02-01,FI,98.3,0.2,1.7
2013-02-01,IE,98.6,0.0,1.2
2013-02-01,LT,93.1,0.1,4.7
2013-02-01,NL,98.0,0.2,0.7
2013-02-01,NO,93.5,0.2,3.0
2013-02-01,PL,102.2,-0.1,-1.5
2013-02-01,PT,98.0,-0.1,1.8
2013-03-01,AT,96.8,-0.2,2.1
2013-03-01,ES,101.9,1.3,0.6
2013-03-01,FI,98.5,0.2,1.0
2013-03-01,IE,98.7,0.1,1.1
2013-03-01,LT,92.5,-0.6,4.6
2013-03-01,NL,98.0,0.0,0.6
2013-03-01,NO,93.5,0.0,2.7
2013-03-01,PL,102.1,-0.1,-1.5
2013-03-01,PT,98.2,0.2,2.0
2013-04-01,AT,96.7,-0.1,2.1
2013-04-01,ES,101.5,-0.4,0.3
2013-04-01,FI,98.7,0.2,1.3
2013-04-01,IE,98.7,0.0,0.7
2013-04-01,LT,93.0,0.5,3.7
2013-04-01,NL,97.9,-0.1,0.3
2013-04-01,NO,93.7,0.2,2.6
2013-04-01,PL,102.0,-0.1,-1.5
2013-04-01,PT,98.1,-0.1,1.6
2013-05-01,AT,97.8,1.1,1.7
2013-05-01,ES,101.5,0.0,0.1
2013-05-01,FI,98.8,0.1,1.2
2013-05-01,IE,98.7,0.0,0.5
2013-05-01,LT,94.0,1.1,4.6
2013-05-01,NL,97.9,0.0,0.3
2013-05-01,NO,94.2,0.5,3.0
2013-05-01,PL,101.9,-0.1,-1.5
2013-05-01,PT,98.1,0.0,1.8
2013-06-01,AT,97.7,-0.1,1.9
2013-06-01,ES,101.1,-0.4,-0.4
2013-06-01,FI,98.7,-0.1,0.9
2013-06-01,IE,98.9,0.2,0.7
2013-06-01,LT,96.4,2.6,5.8
2013-06-01,NL,97.8,-0.1,0.1
2013-06-01,NO,94.2,0.0,2.8
2013-06-01,PL,101.7,-0.2,-1.6
2013-06-01,PT,98.0,-0.1,1.3
2013-07-01,AT,97.6,-0.1,1.9
2013-07-01,ES,101.0,-0.1,0.0
2013-07-01,FI,98.5,-0.2,0.7
2013-07-01,IE,98.9,0.0,0.4
2013-07-01,LT,95.3,-1.1,3.8
2013-07-01,NL,97.6,-0.2,0.0
2013-07-01,NO,94.4,0.2,2.9
2013-07-01,PL,101.5,-0.2,-1.6
2013-07-01,PT,98.3,0.3,1.0
2013-08-01,AT,97.6,0.0,1.8
2013-08-01,ES,101.3,0.3,0.5
2013-08-01,FI,98.5,0.0,0.6
2013-08-01,IE,99.0,0.1,0.5
2013-08-01,LT,96.1,0.8,4.9
2013-08-01,NL,97.7,0.1,-0.3
2013-08-01,NO,94.9,0.5,3.0
2013-08-01,PL,101.4,-0.1,-1.6
2013-08-01,PT,98.1,-0.2,1.0
2013-09-01,AT,97.6,0.0,1.7
2013-09-01,ES,101.3,0.0,0.7
2013-09-01,FI,98.4,-0.1,0.4
2013-09-01,IE,99.0,0.0,0.8
2013-09-01,LT,96.5,0.4,4.1
2013-09-01,NL,97.6,-0.1,-0.3
2013-09-01,NO,94.8,-0.1,2.9
2013-09-01,PL,101.3,-0.1,-1.6
2013-09-01,PT,98.2,0.1,1.1
2013-10-01,AT,97.6,0.0,1.7
2013-10-01,ES,101.4,0.1,0.9
2013-10-01,FI,98.4,0.0,0.4
2013-10-01,IE,99.3,0.3,1.0
2013-10-01,LT,95.5,-1.0,3.9
2013-10-01,NL,97.6,0.0,-0.2
2013-10-01,NO,95.0,0.2,2.8
2013-10-01,PL,101.2,-0.1,-1.5
2013-10-01,PT,98.2,0.0,1.1
2013-11-01,AT,97.7,0.1,1.7
2013-11-01,ES,101.4,0.0,1.0
2013-11-01,FI,98.6,0.2,0.8
2013-11-01,IE,99.4,0.1,1.0
2013-11-01,LT,96.4,0.9,4.3
2013-11-01,NL,97.7,0.1,-0.1
2013-11-01,NO,95.4,0.4,2.8
2013-11-01,PL,101.0,-0.2,-1.6
2013-11-01,PT,98.1,-0.1,0.7
2013-12-01,AT,97.7,0.0,1.6
2013-12-01,ES,101.3,-0.1,0.9
2013-12-01,FI,98.5,-0.1,0.7
2013-12-01,IE,98.5,-0.9,-0.1
2013-12-01,LT,96.9,0.5,4.4
2013-12-01,NL,97.7,0.0,0.0
2013-12-01,NO,95.5,0.1,2.9
2013-12-01,PL,100.9,-0.1,-1.6
2013-12-01,PT,98.1,0.0,0.6
2014-01-01,AT,97.7,0.0,1.0
2014-01-01,ES,101.4,0.1,1.0
2014-01-01,FI,99.1,0.6,1.0
2014-01-01,IE,98.5,0.0,-0.1
2014-01-01,LT,97.2,0.3,4.5
2014-01-01,NL,98.6,0.9,0.8
2014-01-01,NO,95.7,0.2,2.6
2014-01-01,PL,100.8,-0.1,-1.5
2014-01-01,PT,98.5,0.4,0.4
2014-02-01,AT,97.7,0.0,0.7
2014-02-01,ES,101.3,-0.1,0.7
2014-02-01,FI,99.1,0.0,0.8
2014-02-01,IE,98.9,0.4,0.3
2014-02-01,LT,96.7,-0.5,3.9
2014-02-01,NL,98.5,-0.1,0.5
2014-02-01,NO,96.3,0.6,3.0
2014-02-01,PL,100.7,-0.1,-1.5
2014-02-01,PT,98.6,0.1,0.6
2014-03-01,AT,97.7,0.0,0.9
2014-03-01,ES,101.3,0.0,-0.6
2014-03-01,FI,99.4,0.3,0.9
2014-03-01,IE,98.8,-0.1,0.1
2014-03-01,LT,96.6,-0.1,4.4
2014-03-01,NL,98.5,0.0,0.5
2014-03-01,NO,96.3,0.0,3.0
2014-03-01,PL,100.6,-0.1,-1.5
2014-03-01,PT,98.7,0.1,0.5
2014-04-01,AT,97.7,0.0,1.0
2014-04-01,ES,101.4,0.1,-0.1
2014-04-01,FI,98.9,-0.5,0.2
2014-04-01,IE,99.0,0.2,0.3
2014-04-01,LT,96.9,0.3,4.2
2014-04-01,NL,98.5,0.0,0.6
2014-04-01,NO,97.3,1.0,3.8
2014-04-01,PL,100.5,-0.1,-1.5
2014-04-01,PT,98.9,0.2,0.8
2014-05-01,AT,98.8,1.1,1.0
2014-05-01,ES,101.5,0.1,0.0
2014-05-01,FI,99.5,0.6,0.7
2014-05-01,IE,99.6,0.6,0.9
2014-05-01,LT,97.6,0.7,3.8
2014-05-01,NL,98.5,0.0,0.6
2014-05-01,NO,97.6,0.3,3.6
2014-05-01,PL,100.6,0.1,-1.3
2014-05-01,PT,98.6,-0.3,0.5
2014-06-01,AT,98.7,-0.1,1.0
2014-06-01,ES,101.4,-0.1,0.3
2014-06-01,FI,99.6,0.1,0.9
2014-06-01,IE,99.7,0.1,0.8
2014-06-01,LT,98.8,1.2,2.5
2014-06-01,NL,98.5,0.0,0.7
2014-06-01,NO,97.7,0.1,3.7
2014-06-01,PL,100.5,-0.1,-1.2
2014-06-01,PT,98.3,-0.3,0.3
2014-07-01,AT,98.7,0.0,1.1
2014-07-01,ES,101.4,0.0,0.4
2014-07-01,FI,99.6,0.0,1.1
2014-07-01,IE,99.7,0.0,0.8
2014-07-01,LT,97.5,-1.3,2.3
2014-07-01,NL,98.5,0.0,0.9
2014-07-01,NO,97.8,0.1,3.6
2014-07-01,PL,100.6,0.1,-0.9
2014-07-01,PT,98.7,0.4,0.4
2014-08-01,AT,98.8,0.1,1.2
2014-08-01,ES,101.3,-0.1,0.0
2014-08-01,FI,99.6,0.0,1.1
2014-08-01,IE,100.0,0.3,1.0
2014-08-01,LT,99.2,1.7,3.2
2014-08-01,NL,98.6,0.1,0.9
2014-08-01,NO,98.0,0.2,3.3
2014-08-01,PL,100.6,0.0,-0.8
2014-08-01,PT,98.9,0.2,0.8
2014-09-01,AT,98.9,0.1,1.3
2014-09-01,ES,101.5,0.2,0.2
2014-09-01,FI,99.6,0.0,1.2
2014-09-01,IE,100.0,0.0,1.0
2014-09-01,LT,98.6,-0.6,2.2
2014-09-01,NL,98.6,0.0,1.0
2014-09-01,NO,98.1,0.1,3.5
2014-09-01,PL,100.7,0.1,-0.6
2014-09-01,PT,98.8,-0.1,0.6
2014-10-01,AT,99.1,0.2,1.5
2014-10-01,ES,101.5,0.0,0.1
2014-10-01,FI,99.8,0.2,1.4
2014-10-01,IE,100.0,0.0,0.7
2014-10-01,LT,98.0,-0.6,2.6
2014-10-01,NL,99.1,0.5,1.5
2014-10-01,NO,98.2,0.1,3.4
2014-10-01,PL,100.7,0.0,-0.5
2014-10-01,PT,99.0,0.2,0.8
2014-11-01,AT,99.1,0.0,1.4
2014-11-01,ES,101.3,-0.2,-0.1
2014-11-01,FI,99.8,0.0,1.2
2014-11-01,IE,100.0,0.0,0.6
2014-11-01,LT,99.0,1.0,2.7
2014-11-01,NL,99.1,0.0,1.4
2014-11-01,NO,98.5,0.3,3.2
2014-11-01,PL,100.6,-0.1,-0.4
2014-11-01,PT,99.1,0.1,1.0
2014-12-01,AT,99.0,-0.1,1.3
2014-12-01,ES,101.0,-0.3,-0.3
2014-12-01,FI,99.7,-0.1,1.2
2014-12-01,IE,100.0,0.0,1.5
2014-12-01,LT,99.4,0.4,2.6
2014-12-01,NL,99.3,0.2,1.6
2014-12-01,NO,98.6,0.1,3.2
2014-12-01,PL,100.6,0.0,-0.3
2014-12-01,PT,99.3,0.2,1.2
2015-01-01,AT,99.3,0.3,1.6
2015-01-01,ES,101.0,0.0,-0.4
2015-01-01,FI,100.1,0.4,1.0
2015-01-01,IE,99.6,-0.4,1.1
2015-01-01,LT,98.4,-1.0,1.2
2015-01-01,NL,99.2,-0.1,0.6
2015-01-01,NO,98.9,0.3,3.3
2015-01-01,PL,100.6,0.0,-0.2
2015-01-01,PT,98.8,-0.5,0.3
2015-02-01,AT,99.4,0.1,1.7
2015-02-01,ES,100.2,-0.8,-1.1
2015-02-01,FI,100.1,0.0,1.0
2015-02-01,IE,99.5,-0.1,0.6
2015-02-01,LT,98.7,0.3,2.1
2015-02-01,NL,99.2,0.0,0.7
2015-02-01,NO,99.3,0.4,3.1
2015-02-01,PL,100.4,-0.2,-0.3
2015-02-01,PT,99.5,0.7,0.9
2015-03-01,AT,99.4,0.0,1.7
2015-03-01,ES,100.3,0.1,-1.0
2015-03-01,FI,100.2,0.1,0.8
2015-03-01,IE,99.8,0.3,1.0
2015-03-01,LT,98.2,-0.5,1.7
2015-03-01,NL,99.4,0.2,0.9
2015-03-01,NO,99.4,0.1,3.2
2015-03-01,PL,100.3,-0.1,-0.3
2015-03-01,PT,99.7,0.2,1.0
2015-04-01,AT,99.6,0.2,1.9
2015-04-01,ES,100.4,0.1,-1.0
2015-04-01,FI,100.0,-0.2,1.1
2015-04-01,IE,99.9,0.1,0.9
2015-04-01,LT,99.1,0.9,2.3
2015-04-01,NL,99.6,0.2,1.1
2015-04-01,NO,99.8,0.4,2.6
2015-04-01,PL,100.2,-0.1,-0.3
2015-04-01,PT,99.9,0.2,1.0
2015-05-01,AT,100.7,1.1,1.9
2015-05-01,ES,101.0,0.6,-0.5
2015-05-01,FI,99.8,-0.2,0.3
2015-05-01,IE,100.1,0.2,0.5
2015-05-01,LT,100.4,1.3,2.9
2015-05-01,NL,99.6,0.0,1.1
2015-05-01,NO,100.0,0.2,2.5
2015-05-01,PL,100.1,-0.1,-0.5
2015-05-01,PT,100.1,0.2,1.5
2015-06-01,AT,100.7,0.0,2.0
2015-06-01,ES,100.9,-0.1,-0.5
2015-06-01,FI,99.8,0.0,0.2
2015-06-01,IE,100.3,0.2,0.6
2015-06-01,LT,100.8,0.4,2.0
2015-06-01,NL,99.6,0.0,1.1
2015-06-01,NO,100.0,0.0,2.4
2015-06-01,PL,100.0,-0.1,-0.5
2015-06-01,PT,100.4,0.3,2.1
2015-07-01,AT,100.6,-0.1,1.9
2015-07-01,ES,100.9,0.0,-0.5
2015-07-01,FI,100.0,0.2,0.4
2015-07-01,IE,100.2,-0.1,0.5
2015-07-01,LT,100.6,-0.2,3.2
2015-07-01,NL,100.2,0.6,1.7
2015-07-01,NO,100.2,0.2,2.5
2015-07-01,PL,99.9,-0.1,-0.7
2015-07-01,PT,100.2,-0.2,1.5
2015-08-01,AT,100.4,-0.2,1.6
2015-08-01,ES,100.5,-0.4,-0.8
2015-08-01,FI,99.9,-0.1,0.3
2015-08-01,IE,100.2,0.0,0.2
2015-08-01,LT,101.2,0.6,2.0
2015-08-01,NL,100.3,0.1,1.7
2015-08-01,NO,100.3,0.1,2.3
2015-08-01,PL,99.9,0.0,-0.7
2015-08-01,PT,100.3,0.1,1.4
2015-09-01,AT,100.3,-0.1,1.4
2015-09-01,ES,100.3,-0.2,-1.2
2015-09-01,FI,99.9,0.0,0.3
2015-09-01,IE,100.1,-0.1,0.1
2015-09-01,LT,100.9,-0.3,2.3
2015-09-01,NL,100.3,0.0,1.7
2015-09-01,NO,100.3,0.0,2.2
2015-09-01,PL,99.8,-0.1,-0.9
2015-09-01,PT,100.3,0.0,1.5
2015-10-01,AT,99.9,-0.4,0.8
2015-10-01,ES,98.7,-1.6,-2.8
2015-10-01,FI,100.1,0.2,0.3
2015-10-01,IE,100.0,-0.1,0.0
2015-10-01,LT,100.2,-0.7,2.2
2015-10-01,NL,100.7,0.4,1.6
2015-10-01,NO,100.5,0.2,2.3
2015-10-01,PL,99.7,-0.1,-1.0
2015-10-01,PT,100.1,-0.2,1.1
2015-11-01,AT,99.9,0.0,0.8
2015-11-01,ES,98.0,-0.7,-3.3
2015-11-01,FI,100.1,0.0,0.3
2015-11-01,IE,100.2,0.2,0.2
2015-11-01,LT,100.2,0.0,1.2
2015-11-01,NL,100.8,0.1,1.7
2015-11-01,NO,100.7,0.2,2.2
2015-11-01,PL,99.6,-0.1,-1.0
2015-11-01,PT,100.3,0.2,1.2
2015-12-01,AT,99.9,0.0,0.9
2015-12-01,ES,97.8,-0.2,-3.2
2015-12-01,FI,100.0,-0.1,0.3
2015-12-01,IE,100.0,-0.2,0.0
2015-12-01,LT,101.3,1.1,1.9
2015-12-01,NL,101.1,0.3,1.8
2015-12-01,NO,100.7,0.0,2.1
2015-12-01,PL,99.5,-0.1,-1.1
2015-12-01,PT,100.3,0.0,1.0
2016-01-01,AT,99.4,-0.5,0.1
2016-01-01,ES,97.4,-0.4,-3.6
2016-01-01,FI,99.9,-0.1,-0.2
2016-01-01,IE,100.0,0.0,0.4
2016-01-01,LT,102.3,1.0,4.0
2016-01-01,NL,101.2,0.1,2.0
2016-01-01,NO,101.0,0.3,2.1
2016-01-01,PL,99.5,0.0,-1.1
2016-01-01,PT,100.4,0.1,1.6
2016-02-01,AT,99.2,-0.2,-0.2
2016-02-01,ES,97.3,-0.1,-2.9
2016-02-01,FI,100.1,0.2,0.0
2016-02-01,IE,99.8,-0.2,0.3
2016-02-01,LT,100.8,-1.5,2.1
2016-02-01,NL,101.2,0.0,2.0
2016-02-01,NO,101.2,0.2,1.9
2016-02-01,PL,99.5,0.0,-0.9
2016-02-01,PT,100.7,0.3,1.2
2016-03-01,AT,99.2,0.0,-0.2
2016-03-01,ES,97.4,0.1,-2.9
2016-03-01,FI,100.1,0.0,-0.1
2016-03-01,IE,99.9,0.1,0.1
2016-03-01,LT,100.2,-0.6,2.0
2016-03-01,NL,101.3,0.1,1.9
2016-03-01,NO,101.6,0.4,2.2
2016-03-01,PL,99.5,0.0,-0.8
2016-03-01,PT,100.6,-0.1,0.9
2016-04-01,AT,99.8,0.6,0.2
2016-04-01,ES,98.3,0.9,-2.1
2016-04-01,FI,100.3,0.2,0.3
2016-04-01,IE,100.2,0.3,0.3
2016-04-01,LT,100.9,0.7,1.8
2016-04-01,NL,100.9,-0.4,1.3
2016-04-01,NO,102.4,0.8,2.6
2016-04-01,PL,99.6,0.1,-0.6
2016-04-01,PT,101.3,0.7,1.4
2016-05-01,AT,101.1,1.3,0.4
2016-05-01,ES,99.3,1.0,-1.7
2016-05-01,FI,100.4,0.1,0.6
2016-05-01,IE,100.4,0.2,0.3
2016-05-01,LT,101.6,0.7,1.2
2016-05-01,NL,101.1,0.2,1.5
2016-05-01,NO,102.9,0.5,2.9
2016-05-01,PL,99.7,0.1,-0.4
2016-05-01,PT,101.4,0.1,1.3
2016-06-01,AT,101.1,0.0,0.4
2016-06-01,ES,99.6,0.3,-1.3
2016-06-01,FI,100.5,0.1,0.7
2016-06-01,IE,100.4,0.0,0.1
2016-06-01,LT,102.0,0.4,1.2
2016-06-01,NL,101.2,0.1,1.6
2016-06-01,NO,103.0,0.1,3.0
2016-06-01,PL,99.8,0.1,-0.2
2016-06-01,PT,101.5,0.1,1.1
2016-07-01,AT,101.1,0.0,0.5
2016-07-01,ES,99.7,0.1,-1.2
2016-07-01,FI,100.5,0.0,0.5
2016-07-01,IE,100.5,0.1,0.3
2016-07-01,LT,102.8,0.8,2.2
2016-07-01,NL,102.0,0.8,1.8
2016-07-01,NO,103.2,0.2,3.0
2016-07-01,PL,99.8,0.0,-0.1
2016-07-01,PT,101.3,-0.2,1.1
2016-08-01,AT,101.1,0.0,0.7
2016-08-01,ES,99.3,-0.4,-1.2
2016-08-01,FI,100.5,0.0,0.6
2016-08-01,IE,100.5,0.0,0.3
2016-08-01,LT,103.0,0.2,1.8
2016-08-01,NL,102.1,0.1,1.8
2016-08-01,NO,103.5,0.3,3.2
2016-08-01,PL,100.0,0.2,0.1
2016-08-01,PT,101.6,0.3,1.3
2016-09-01,AT,101.0,-0.1,0.7
2016-09-01,ES,99.2,-0.1,-1.1
2016-09-01,FI,100.6,0.1,0.7
2016-09-01,IE,100.6,0.1,0.5
2016-09-01,LT,103.0,0.0,2.1
2016-09-01,NL,102.0,-0.1,1.7
2016-09-01,NO,103.4,-0.1,3.1
2016-09-01,PL,99.9,-0.1,0.1
2016-09-01,PT,101.1,-0.5,0.8
2016-10-01,AT,101.1,0.1,1.2
2016-10-01,ES,98.6,-0.6,-0.1
2016-10-01,FI,101.2,0.6,1.1
2016-10-01,IE,100.7,0.1,0.7
2016-10-01,LT,103.3,0.3,3.1
2016-10-01,NL,102.1,0.1,1.4
2016-10-01,NO,103.7,0.3,3.2
2016-10-01,PL,100.0,0.1,0.3
2016-10-01,PT,101.5,0.4,1.4
2016-11-01,AT,101.5,0.4,1.6
2016-11-01,ES,99.3,0.7,1.3
2016-11-01,FI,101.1,-0.1,1.0
2016-11-01,IE,100.8,0.1,0.6
2016-11-01,LT,103.1,-0.2,2.9
2016-11-01,NL,102.3,0.2,1.5
2016-11-01,NO,104.0,0.3,3.3
2016-11-01,PL,100.1,0.1,0.5
2016-11-01,PT,101.5,0.0,1.2
2016-12-01,AT,102.0,0.5,2.1
2016-12-01,ES,99.6,0.3,1.8
2016-12-01,FI,100.9,-0.2,0.9
2016-12-01,IE,100.8,0.0,0.8
2016-12-01,LT,103.6,0.5,2.3
2016-12-01,NL,102.3,0.0,1.2
2016-12-01,NO,104.1,0.1,3.4
2016-12-01,PL,100.1,0.0,0.6
2016-12-01,PT,101.6,0.1,1.3
2017-01-01,AT,102.8,0.8,3.4
2017-01-01,ES,99.6,0.0,2.3
2017-01-01,FI,100.5,-0.4,0.6
2017-01-01,IE,100.9,0.1,0.9
2017-01-01,LT,105.2,1.5,2.8
2017-01-01,NL,102.9,0.6,1.7
2017-01-01,NO,104.3,0.2,3.3
2017-01-01,PL,100.2,0.1,0.7
2017-01-01,PT,102.2,0.6,1.8
2017-02-01,AT,103.0,0.2,3.8
2017-02-01,ES,99.9,0.3,2.7
2017-02-01,FI,100.4,-0.1,0.3
2017-02-01,IE,101.0,0.1,1.2
2017-02-01,LT,104.4,-0.8,3.6
2017-02-01,NL,103.0,0.1,1.8
2017-02-01,NO,104.6,0.3,3.4
2017-02-01,PL,100.1,-0.1,0.6
2017-02-01,PT,102.4,0.2,1.7
2017-03-01,AT,103.4,0.4,4.2
2017-03-01,ES,100.1,0.2,2.8
2017-03-01,FI,100.4,0.0,0.3
2017-03-01,IE,101.5,0.5,1.6
2017-03-01,LT,103.6,-0.8,3.4
2017-03-01,NL,103.2,0.2,1.9
2017-03-01,NO,104.6,0.0,3.0
2017-03-01,PL,100.1,0.0,0.6
2017-03-01,PT,102.6,0.2,2.0
2017-04-01,AT,103.9,0.5,4.1
2017-04-01,ES,101.0,0.9,2.7
2017-04-01,FI,100.4,0.0,0.1
2017-04-01,IE,101.6,0.1,1.4
2017-04-01,LT,105.4,1.7,4.5
2017-04-01,NL,103.5,0.3,2.6
2017-04-01,NO,104.8,0.2,2.3
2017-04-01,PL,100.1,0.0,0.5
2017-04-01,PT,102.8,0.2,1.5
2017-05-01,AT,104.2,0.3,3.1
2017-05-01,ES,101.0,0.0,1.7
2017-05-01,FI,100.6,0.2,0.2
2017-05-01,IE,101.8,0.2,1.4
2017-05-01,LT,105.6,0.2,3.9
2017-05-01,NL,103.4,-0.1,2.3
2017-05-01,NO,105.2,0.4,2.2
2017-05-01,PL,100.1,0.0,0.4
2017-05-01,PT,102.7,-0.1,1.3
2017-06-01,AT,103.9,-0.3,2.8
2017-06-01,ES,100.9,-0.1,1.3
2017-06-01,FI,100.6,0.0,0.1
2017-06-01,IE,101.8,0.0,1.4
2017-06-01,LT,106.4,0.8,4.3
2017-06-01,NL,103.5,0.1,2.3
2017-06-01,NO,105.2,0.0,2.1
2017-06-01,PL,100.2,0.1,0.4
2017-06-01,PT,102.8,0.1,1.3
2017-07-01,AT,103.9,0.0,2.8
2017-07-01,ES,100.9,0.0,1.2
2017-07-01,FI,100.8,0.2,0.3
2017-07-01,IE,102.0,0.2,1.5
2017-07-01,LT,108.0,1.5,5.1
2017-07-01,NL,103.6,0.1,1.6
2017-07-01,NO,105.3,0.1,2.0
2017-07-01,PL,100.4,0.2,0.6
2017-07-01,PT,103.3,0.5,2.0
2017-08-01,AT,104.2,0.3,3.1
2017-08-01,ES,100.9,0.0,1.6
2017-08-01,FI,100.8,0.0,0.3
2017-08-01,IE,102.0,0.0,1.5
2017-08-01,LT,107.7,-0.3,4.6
2017-08-01,NL,104.4,0.8,2.3
2017-08-01,NO,105.5,0.2,1.9
2017-08-01,PL,100.7,0.3,0.7
2017-08-01,PT,103.3,0.0,1.7
2017-09-01,AT,104.6,0.4,3.6
2017-09-01,ES,101.5,0.6,2.3
2017-09-01,FI,100.8,0.0,0.2
2017-09-01,IE,102.1,0.1,1.5
2017-09-01,LT,108.0,0.3,4.9
2017-09-01,NL,104.4,0.0,2.4
2017-09-01,NO,105.5,0.0,2.0
2017-09-01,PL,101.1,0.4,1.2
2017-09-01,PT,103.3,0.0,2.2
2017-10-01,AT,105.0,0.4,3.9
2017-10-01,ES,100.9,-0.6,2.3
2017-10-01,FI,101.2,0.4,0.0
2017-10-01,IE,102.1,0.0,1.4
2017-10-01,LT,107.4,-0.6,4.0
2017-10-01,NL,104.7,0.3,2.5
2017-10-01,NO,106.0,0.5,2.2
2017-10-01,PL,101.3,0.2,1.3
2017-10-01,PT,103.4,0.1,1.9
2017-11-01,AT,105.2,0.2,3.6
2017-11-01,ES,101.0,0.1,1.7
2017-11-01,FI,101.6,0.4,0.5
2017-11-01,IE,101.9,-0.2,1.1
2017-11-01,LT,108.0,0.6,4.8
2017-11-01,NL,105.0,0.3,2.6
2017-11-01,NO,106.5,0.5,2.4
2017-11-01,PL,101.4,0.1,1.3
2017-11-01,PT,103.8,0.4,2.3
2017-12-01,AT,105.1,-0.1,3.0
2017-12-01,ES,102.2,1.2,2.6
2017-12-01,FI,101.6,0.0,0.7
2017-12-01,IE,102.1,0.2,1.3
2017-12-01,LT,108.8,0.7,5.0
2017-12-01,NL,104.6,-0.4,2.2
2017-12-01,NO,106.7,0.2,2.5
2017-12-01,PL,101.7,0.3,1.6
2017-12-01,PT,103.6,-0.2,2.0
2018-01-01,AT,105.9,0.8,3.0
2018-01-01,ES,101.9,-0.3,2.3
2018-01-01,FI,101.9,0.3,1.4
2018-01-01,IE,102.0,-0.1,1.1
2018-01-01,LT,108.6,-0.2,3.2
2018-01-01,NL,105.5,0.9,2.5
2018-01-01,NO,107.0,0.3,2.6
2018-01-01,PL,101.7,0.0,1.5
2018-01-01,PT,103.8,0.2,1.6
2018-02-01,AT,106.0,0.1,2.9
2018-02-01,ES,102.3,0.4,2.4
2018-02-01,FI,102.1,0.2,1.7
2018-02-01,IE,102.0,0.0,1.0
2018-02-01,LT,108.5,-0.1,3.9
2018-02-01,NL,105.6,0.1,2.5
2018-02-01,NO,107.4,0.4,2.7
2018-02-01,PL,101.9,0.2,1.8
2018-02-01,PT,104.2,0.4,1.8
2018-03-01,AT,106.1,0.1,2.6
2018-03-01,ES,102.3,0.0,2.2
2018-03-01,FI,102.1,0.0,1.7
2018-03-01,IE,102.2,0.2,0.7
2018-03-01,LT,107.3,-1.1,3.6
2018-03-01,NL,105.3,-0.3,2.0
2018-03-01,NO,107.5,0.1,2.8
2018-03-01,PL,102.2,0.3,2.1
2018-03-01,PT,104.4,0.2,1.8
2018-04-01,AT,106.3,0.2,2.3
2018-04-01,ES,102.8,0.5,1.8
2018-04-01,FI,102.1,0.0,1.7
2018-04-01,IE,106.8,4.5,5.1
2018-04-01,LT,108.8,1.4,3.2
2018-04-01,NL,105.6,0.3,2.0
2018-04-01,NO,108.0,0.5,3.1
2018-04-01,PL,102.4,0.2,2.3
2018-04-01,PT,104.8,0.4,1.9
2018-05-01,AT,107.5,1.1,3.2
2018-05-01,ES,102.9,0.1,1.9
2018-05-01,FI,102.7,0.6,2.1
2018-05-01,IE,106.8,0.0,4.9
2018-05-01,LT,109.4,0.6,3.6
2018-05-01,NL,105.8,0.2,2.3
2018-05-01,NO,108.4,0.4,3.0
2018-05-01,PL,102.8,0.4,2.7
2018-05-01,PT,105.0,0.2,2.2
2018-06-01,AT,107.7,0.2,3.7
2018-06-01,ES,103.0,0.1,2.1
2018-06-01,FI,103.4,0.7,2.8
2018-06-01,IE,106.9,0.1,5.0
2018-06-01,LT,110.2,0.7,3.6
2018-06-01,NL,106.0,0.2,2.4
2018-06-01,NO,108.5,0.1,3.1
2018-06-01,PL,103.4,0.6,3.2
2018-06-01,PT,105.7,0.7,2.8
2018-07-01,AT,107.5,-0.2,3.5
2018-07-01,ES,103.7,0.7,2.8
2018-07-01,FI,103.6,0.2,2.8
2018-07-01,IE,107.3,0.4,5.2
2018-07-01,LT,110.8,0.5,2.6
2018-07-01,NL,106.6,0.6,2.9
2018-07-01,NO,108.8,0.3,3.3
2018-07-01,PL,103.9,0.5,3.5
2018-07-01,PT,106.2,0.5,2.8
2018-08-01,AT,107.8,0.3,3.5
2018-08-01,ES,103.7,0.0,2.8
2018-08-01,FI,103.4,-0.2,2.6
2018-08-01,IE,107.3,0.0,5.2
2018-08-01,LT,110.9,0.1,3.0
2018-08-01,NL,107.3,0.7,2.8
2018-08-01,NO,109.4,0.6,3.7
2018-08-01,PL,104.3,0.4,3.6
2018-08-01,PT,105.9,-0.3,2.5
2018-09-01,AT,107.7,-0.1,3.0
2018-09-01,ES,103.8,0.1,2.3
2018-09-01,FI,103.6,0.2,2.8
2018-09-01,IE,107.1,-0.2,4.9
2018-09-01,LT,111.9,0.9,3.6
2018-09-01,NL,107.7,0.4,3.2
2018-09-01,NO,109.5,0.1,3.8
2018-09-01,PL,104.8,0.5,3.7
2018-09-01,PT,105.5,-0.4,2.1
2018-10-01,AT,107.7,0.0,2.6
2018-10-01,ES,104.7,0.9,3.8
2018-10-01,FI,103.8,0.2,2.6
2018-10-01,IE,106.9,-0.2,4.7
2018-10-01,LT,110.9,-0.9,3.3
2018-10-01,NL,107.5,-0.2,2.7
2018-10-01,NO,109.9,0.4,3.7
2018-10-01,PL,105.4,0.6,4.0
2018-10-01,PT,105.6,0.1,2.1
2018-11-01,AT,107.6,-0.1,2.3
2018-11-01,ES,104.6,-0.1,3.6
2018-11-01,FI,104.1,0.3,2.5
2018-11-01,IE,107.0,0.1,5.0
2018-11-01,LT,111.2,0.3,3.0
2018-11-01,NL,107.3,-0.2,2.2
2018-11-01,NO,110.1,0.2,3.4
2018-11-01,PL,105.8,0.4,4.3
2018-11-01,PT,106.7,1.0,2.8
2018-12-01,AT,107.4,-0.2,2.2
2018-12-01,ES,104.3,-0.3,2.1
2018-12-01,FI,104.1,0.0,2.5
2018-12-01,IE,107.1,0.1,4.9
2018-12-01,LT,114.0,2.5,4.8
2018-12-01,NL,107.6,0.3,2.9
2018-12-01,NO,110.2,0.1,3.3
2018-12-01,PL,106.2,0.4,4.4
2018-12-01,PT,106.6,-0.1,2.9
2019-01-01,AT,107.8,0.4,1.8
2019-01-01,ES,104.5,0.2,2.6
2019-01-01,FI,103.9,-0.2,2.0
2019-01-01,IE,107.4,0.3,5.3
2019-01-01,LT,114.2,0.2,5.2
2019-01-01,NL,108.6,0.9,2.9
2019-01-01,NO,110.4,0.2,3.2
2019-01-01,PL,106.3,0.1,4.5
2019-01-01,PT,106.2,-0.4,2.3
2019-02-01,AT,107.7,-0.1,1.6
2019-02-01,ES,104.6,0.1,2.2
2019-02-01,FI,104.0,0.1,1.9
2019-02-01,IE,107.7,0.3,5.6
2019-02-01,LT,112.4,-1.6,3.6
2019-02-01,NL,108.6,0.0,2.8
2019-02-01,NO,110.7,0.3,3.1
2019-02-01,PL,106.6,0.3,4.6
2019-02-01,PT,106.6,0.4,2.3
2019-03-01,AT,107.7,0.0,1.5
2019-03-01,ES,104.5,-0.1,2.2
2019-03-01,FI,103.9,-0.1,1.8
2019-03-01,IE,107.8,0.1,5.5
2019-03-01,LT,112.6,0.2,4.9
2019-03-01,NL,108.7,0.1,3.2
2019-03-01,NO,110.8,0.1,3.1
2019-03-01,PL,106.9,0.3,4.6
2019-03-01,PT,106.9,0.3,2.4
2019-04-01,AT,107.9,0.2,1.5
2019-04-01,ES,105.4,0.9,2.5
2019-04-01,FI,103.9,0.0,1.8
2019-04-01,IE,108.0,0.2,1.1
2019-04-01,LT,114.4,1.6,5.1
2019-04-01,NL,108.8,0.1,3.0
2019-04-01,NO,111.2,0.4,3.0
2019-04-01,PL,107.3,0.4,4.8
2019-04-01,PT,107.4,0.5,2.5
2019-05-01,AT,109.0,1.0,1.4
2019-05-01,ES,104.9,-0.5,1.9
2019-05-01,FI,103.9,0.0,1.2
2019-05-01,IE,107.9,-0.1,1.0
2019-05-01,LT,114.6,0.2,4.8
2019-05-01,NL,108.9,0.1,2.9
2019-05-01,NO,111.7,0.4,3.0
2019-05-01,PL,107.7,0.4,4.8
2019-05-01,PT,107.7,0.3,2.6
2019-06-01,AT,109.0,0.0,1.2
2019-06-01,ES,104.8,-0.1,1.7
2019-06-01,FI,104.0,0.1,0.6
2019-06-01,IE,107.9,0.0,0.9
2019-06-01,LT,116.9,2.0,6.1
2019-06-01,NL,109.0,0.1,2.8
2019-06-01,NO,111.5,-0.2,2.8
2019-06-01,PL,107.9,0.2,4.4
2019-06-01,PT,107.9,0.2,2.1
2019-07-01,AT,108.8,-0.2,1.2
2019-07-01,ES,104.5,-0.3,0.8
2019-07-01,FI,104.1,0.1,0.5
2019-07-01,IE,107.9,0.0,0.6
2019-07-01,LT,116.2,-0.6,4.9
2019-07-01,NL,110.3,1.2,3.5
2019-07-01,NO,111.6,0.1,2.6
2019-07-01,PL,108.3,0.4,4.2
2019-07-01,PT,108.6,0.6,2.3
2019-08-01,AT,108.7,-0.1,0.8
2019-08-01,ES,104.5,0.0,0.8
2019-08-01,FI,104.4,0.3,1.0
2019-08-01,IE,108.0,0.1,0.7
2019-08-01,LT,117.0,0.7,5.5
2019-08-01,NL,109.9,-0.4,2.4
2019-08-01,NO,112.2,0.5,2.6
2019-08-01,PL,108.6,0.3,4.1
2019-08-01,PT,108.0,-0.6,2.0
2019-09-01,AT,108.4,-0.3,0.6
2019-09-01,ES,104.0,-0.5,0.2
2019-09-01,FI,104.4,0.0,0.8
2019-09-01,IE,107.8,-0.2,0.7
2019-09-01,LT,117.3,0.3,4.8
2019-09-01,NL,110.1,0.2,2.2
2019-09-01,NO,112.1,-0.1,2.4
2019-09-01,PL,108.9,0.3,3.9
2019-09-01,PT,108.0,0.0,2.4
2019-10-01,AT,108.3,-0.1,0.6
2019-10-01,ES,104.0,0.0,-0.7
2019-10-01,FI,104.3,-0.1,0.5
2019-10-01,IE,109.2,1.3,2.2
2019-10-01,LT,116.4,-0.8,5.0
2019-10-01,NL,110.0,-0.1,2.3
2019-10-01,NO,112.4,0.3,2.3
2019-10-01,PL,109.3,0.4,3.7
2019-10-01,PT,108.2,0.2,2.5
2019-11-01,AT,108.1,-0.2,0.5
2019-11-01,ES,103.4,-0.6,-1.1
2019-11-01,FI,104.4,0.1,0.3
2019-11-01,IE,109.3,0.1,2.1
2019-11-01,LT,117.4,0.9,5.6
2019-11-01,NL,110.0,0.0,2.5
2019-11-01,NO,112.3,-0.1,2.0
2019-11-01,PL,109.4,0.1,3.4
2019-11-01,PT,109.5,1.2,2.6
2019-12-01,AT,108.1,0.0,0.7
2019-12-01,ES,103.3,-0.1,-1.0
2019-12-01,FI,104.3,-0.1,0.2
2019-12-01,IE,109.2,-0.1,2.0
2019-12-01,LT,118.4,0.9,3.9
2019-12-01,NL,110.8,0.7,3.0
2019-12-01,NO,112.4,0.1,2.0
2019-12-01,PL,109.6,0.2,3.2
2019-12-01,PT,109.0,-0.5,2.3
2020-01-01,AT,108.7,0.6,0.8
2020-01-01,ES,103.6,0.3,-0.9
2020-01-01,FI,104.5,0.2,0.6
2020-01-01,IE,109.3,0.1,1.8
2020-01-01,LT,117.6,-0.7,3.0
2020-01-01,NL,111.7,0.8,2.9
2020-01-01,NO,112.8,0.4,2.2
2020-01-01,PL,110.0,0.4,3.5
2020-01-01,PT,110.2,1.1,3.8
2020-02-01,AT,108.7,0.0,0.9
2020-02-01,ES,105.3,1.6,0.7
2020-02-01,FI,104.1,-0.4,0.1
2020-02-01,IE,109.3,0.0,1.5
2020-02-01,LT,117.0,-0.5,4.1
2020-02-01,NL,111.7,0.0,2.9
2020-02-01,NO,112.8,0.0,1.9
2020-02-01,PL,110.3,0.3,3.5
2020-02-01,PT,110.3,0.1,3.5
2020-03-01,AT,108.6,-0.1,0.8
2020-03-01,ES,105.1,-0.2,0.6
2020-03-01,FI,104.4,0.3,0.5
2020-03-01,IE,109.3,0.0,1.4
2020-03-01,LT,116.4,-0.5,3.4
2020-03-01,NL,111.6,-0.1,2.7
2020-03-01,NO,112.8,0.0,1.8
2020-03-01,PL,110.5,0.2,3.4
2020-03-01,PT,108.8,-1.4,1.8
2020-04-01,AT,108.7,0.1,0.7
2020-04-01,ES,105.1,0.0,-0.3
2020-04-01,FI,104.2,-0.2,0.3
2020-04-01,IE,109.8,0.5,1.7
2020-04-01,LT,116.8,0.3,2.1
2020-04-01,NL,111.1,-0.4,2.1
2020-04-01,NO,113.7,0.8,2.2
2020-04-01,PL,110.7,0.2,3.2
2020-04-01,PT,107.8,-0.9,0.4
2020-05-01,AT,109.4,0.6,0.4
2020-05-01,ES,101.2,-3.7,-3.5
2020-05-01,FI,103.4,-0.8,-0.5
2020-05-01,IE,109.3,-0.5,1.3
2020-05-01,LT,117.3,0.4,2.4
2020-05-01,NL,111.1,0.0,2.0
2020-05-01,NO,114.4,0.6,2.4
2020-05-01,PL,110.9,0.2,3.0
2020-05-01,PT,108.6,0.7,0.8
2020-06-01,AT,109.2,-0.2,0.2
2020-06-01,ES,101.2,0.0,-3.4
2020-06-01,FI,103.6,0.2,-0.4
2020-06-01,IE,109.5,0.2,1.5
2020-06-01,LT,118.1,0.7,1.0
2020-06-01,NL,111.1,0.0,1.9
2020-06-01,NO,114.3,-0.1,2.5
2020-06-01,PL,111.1,0.2,3.0
2020-06-01,PT,109.2,0.6,1.2
2020-07-01,AT,109.2,0.0,0.4
2020-07-01,ES,102.8,1.6,-1.6
2020-07-01,FI,103.7,0.1,-0.4
2020-07-01,IE,109.6,0.1,1.6
2020-07-01,LT,118.0,-0.1,1.5
2020-07-01,NL,112.2,1.0,1.7
2020-07-01,NO,114.7,0.3,2.8
2020-07-01,PL,111.3,0.2,2.8
2020-07-01,PT,111.0,1.6,2.2
2020-08-01,AT,109.4,0.2,0.6
2020-08-01,ES,102.7,-0.1,-1.7
2020-08-01,FI,103.1,-0.6,-1.2
2020-08-01,IE,109.4,-0.2,1.3
2020-08-01,LT,118.6,0.5,1.4
2020-08-01,NL,112.5,0.3,2.4
2020-08-01,NO,114.9,0.2,2.4
2020-08-01,PL,111.5,0.2,2.7
2020-08-01,PT,110.8,-0.2,2.6
2020-09-01,AT,109.4,0.0,0.9
2020-09-01,ES,102.9,0.2,-1.1
2020-09-01,FI,103.5,0.4,-0.9
2020-09-01,IE,109.5,0.1,1.6
2020-09-01,LT,118.2,-0.3,0.8
2020-09-01,NL,112.3,-0.2,2.0
2020-09-01,NO,115.0,0.1,2.6
2020-09-01,PL,111.7,0.2,2.6
2020-09-01,PT,110.5,-0.3,2.3
2020-10-01,AT,109.6,0.2,1.2
2020-10-01,ES,104.0,1.1,0.0
2020-10-01,FI,104.0,0.5,-0.3
2020-10-01,IE,109.4,-0.1,0.2
2020-10-01,LT,118.2,0.0,1.5
2020-10-01,NL,112.1,-0.2,1.9
2020-10-01,NO,115.2,0.2,2.5
2020-10-01,PL,111.8,0.1,2.3
2020-10-01,PT,110.8,0.3,2.4
2020-11-01,AT,109.8,0.2,1.6
2020-11-01,ES,104.0,0.0,0.6
2020-11-01,FI,104.1,0.1,-0.3
2020-11-01,IE,109.3,-0.1,0.0
2020-11-01,LT,119.0,0.7,1.4
2020-11-01,NL,112.2,0.1,2.0
2020-11-01,NO,115.2,0.0,2.6
2020-11-01,PL,112.1,0.3,2.5
2020-11-01,PT,111.4,0.5,1.7
2020-12-01,AT,110.2,0.4,1.9
2020-12-01,ES,104.8,0.8,1.5
2020-12-01,FI,103.8,-0.3,-0.5
2020-12-01,IE,109.3,0.0,0.1
2020-12-01,LT,119.4,0.3,0.8
2020-12-01,NL,113.2,0.9,2.2
2020-12-01,NO,115.5,0.3,2.8
2020-12-01,PL,112.3,0.2,2.5
2020-12-01,PT,111.4,0.0,2.2
2021-01-01,AT,112.3,1.9,3.3
2021-01-01,ES,105.6,0.8,1.9
2021-01-01,FI,105.1,1.3,0.6
2021-01-01,IE,109.6,0.3,0.3
2021-01-01,LT,118.4,-0.8,0.7
2021-01-01,NL,114.0,0.7,2.1
2021-01-01,NO,116.8,1.1,3.5
2021-01-01,PL,112.9,0.5,2.6
2021-01-01,PT,112.3,0.8,1.9
2021-02-01,AT,113.5,1.1,4.4
2021-02-01,ES,107.1,1.4,1.7
2021-02-01,FI,105.3,0.2,1.2
2021-02-01,IE,109.7,0.1,0.4
2021-02-01,LT,118.5,0.1,1.3
2021-02-01,NL,114.0,0.0,2.1
2021-02-01,NO,116.7,-0.1,3.5
2021-02-01,PL,113.1,0.2,2.5
2021-02-01,PT,113.1,0.7,2.5
2021-03-01,AT,114.8,1.1,5.7
2021-03-01,ES,108.1,0.9,2.9
2021-03-01,FI,105.7,0.4,1.2
2021-03-01,IE,110.6,0.8,1.2
2021-03-01,LT,119.1,0.5,2.3
2021-03-01,NL,114.3,0.3,2.4
2021-03-01,NO,117.3,0.5,4.0
2021-03-01,PL,113.4,0.3,2.6
2021-03-01,PT,113.7,0.5,4.5
2021-04-01,AT,116.7,1.7,7.4
2021-04-01,ES,109.7,1.5,4.4
2021-04-01,FI,106.2,0.5,1.9
2021-04-01,IE,113.1,2.3,3.0
2021-04-01,LT,122.4,2.8,4.8
2021-04-01,NL,115.1,0.7,3.6
2021-04-01,NO,119.7,2.0,5.3
2021-04-01,PL,114.1,0.6,3.1
2021-04-01,PT,114.5,0.7,6.2
2021-05-01,AT,120.7,3.4,10.3
2021-05-01,ES,110.7,0.9,9.4
2021-05-01,FI,106.8,0.6,3.3
2021-05-01,IE,113.6,0.4,3.9
2021-05-01,LT,125.0,2.1,6.6
2021-05-01,NL,115.9,0.7,4.3
2021-05-01,NO,121.0,1.1,5.8
2021-05-01,PL,114.8,0.6,3.5
2021-05-01,PT,116.7,1.9,7.5
2021-06-01,AT,122.7,1.7,12.4
2021-06-01,ES,112.2,1.4,10.9
2021-06-01,FI,108.0,1.1,4.2
2021-06-01,IE,115.3,1.5,5.3
2021-06-01,LT,126.7,1.4,7.3
2021-06-01,NL,116.9,0.9,5.2
2021-06-01,NO,123.2,1.8,7.8
2021-06-01,PL,115.5,0.6,4.0
2021-06-01,PT,117.5,0.7,7.6
2021-07-01,AT,124.2,1.2,13.7
2021-07-01,ES,114.0,1.6,10.9
2021-07-01,FI,109.7,1.6,5.8
2021-07-01,IE,116.6,1.1,6.4
2021-07-01,LT,127.9,0.9,8.4
2021-07-01,NL,118.2,1.1,5.3
2021-07-01,NO,124.9,1.4,8.9
2021-07-01,PL,116.3,0.7,4.5
2021-07-01,PT,118.4,0.8,6.7
2021-08-01,AT,124.9,0.6,14.2
2021-08-01,ES,114.7,0.6,11.7
2021-08-01,FI,112.1,2.2,8.7
2021-08-01,IE,117.9,1.1,7.8
2021-08-01,LT,128.5,0.5,8.3
2021-08-01,NL,118.0,-0.2,4.9
2021-08-01,NO,127.8,2.3,11.2
2021-08-01,PL,117.1,0.7,5.0
2021-08-01,PT,118.8,0.3,7.2
2021-09-01,AT,124.7,-0.2,14.0
2021-09-01,ES,115.4,0.6,12.1
2021-09-01,FI,113.1,0.9,9.3
2021-09-01,IE,118.2,0.3,7.9
2021-09-01,LT,128.9,0.3,9.1
2021-09-01,NL,118.3,0.3,5.3
2021-09-01,NO,130.0,1.7,13.0
2021-09-01,PL,118.0,0.8,5.6
2021-09-01,PT,118.9,0.1,7.6
2021-10-01,AT,124.4,-0.2,13.5
2021-10-01,ES,116.0,0.5,11.5
2021-10-01,FI,113.8,0.6,9.4
2021-10-01,IE,119.3,0.9,9.0
2021-10-01,LT,130.0,0.9,10.0
2021-10-01,NL,119.1,0.7,6.2
2021-10-01,NO,130.8,0.6,13.5
2021-10-01,PL,119.2,1.0,6.6
2021-10-01,PT,119.9,0.8,8.2
2021-11-01,AT,124.2,-0.2,13.1
2021-11-01,ES,116.7,0.6,12.2
2021-11-01,FI,114.1,0.3,9.6
2021-11-01,IE,119.6,0.3,9.4
2021-11-01,LT,131.5,1.2,10.5
2021-11-01,NL,119.3,0.2,6.3
2021-11-01,NO,132.0,0.9,14.6
2021-11-01,PL,119.8,0.5,6.9
2021-11-01,PT,121.7,1.5,9.2
2021-12-01,AT,124.1,-0.1,12.6
2021-12-01,ES,117.5,0.7,12.1
2021-12-01,FI,114.4,0.3,10.2
2021-12-01,IE,119.7,0.1,9.5
2021-12-01,LT,131.6,0.1,10.2
2021-12-01,NL,119.5,0.2,5.6
2021-12-01,NO,130.7,-1.0,13.2
2021-12-01,PL,120.5,0.6,7.3
2021-12-01,PT,121.2,-0.4,8.8
2022-01-01,AT,125.6,1.2,11.8
2022-01-01,ES,119.7,1.9,13.4
2022-01-01,FI,114.3,-0.1,8.8
2022-01-01,IE,120.4,0.6,9.9
2022-01-01,LT,133.6,1.5,12.8
2022-01-01,NL,122.5,2.5,7.5
2022-01-01,NO,131.4,0.5,12.5
2022-01-01,PL,121.9,1.2,8.0
2022-01-01,PT,122.6,1.2,9.2
2022-02-01,AT,126.5,0.7,11.5
2022-02-01,ES,120.9,1.0,12.9
2022-02-01,FI,115.0,0.6,9.2
2022-02-01,IE,122.5,1.7,11.7
2022-02-01,LT,138.4,3.6,16.8
2022-02-01,NL,123.1,0.5,8.0
2022-02-01,NO,130.5,-0.7,11.8
2022-02-01,PL,123.5,1.3,9.2
2022-02-01,PT,124.8,1.8,10.3
2022-03-01,AT,132.2,4.5,15.2
2022-03-01,ES,123.5,2.2,14.2
2022-03-01,FI,115.2,0.2,9.0
2022-03-01,IE,123.2,0.6,11.4
2022-03-01,LT,141.9,2.5,19.1
2022-03-01,NL,125.2,1.7,9.5
2022-03-01,NO,133.1,2.0,13.5
2022-03-01,PL,125.2,1.4,10.4
2022-03-01,PT,128.6,3.0,13.1
2022-04-01,AT,135.4,2.4,16.0
2022-04-01,ES,128.8,4.3,17.4
2022-04-01,FI,117.9,2.3,11.0
2022-04-01,IE,125.2,1.6,10.7
2022-04-01,LT,146.5,3.2,19.7
2022-04-01,NL,127.4,1.8,10.7
2022-04-01,NO,133.1,0.0,11.2
2022-04-01,PL,127.5,1.8,11.7
2022-04-01,PT,132.1,2.7,15.4
2022-05-01,AT,137.5,1.6,13.9
2022-05-01,ES,131.6,2.2,18.9
2022-05-01,FI,118.2,0.3,10.7
2022-05-01,IE,126.3,0.9,11.2
2022-05-01,LT,148.1,1.1,18.5
2022-05-01,NL,128.0,0.5,10.4
2022-05-01,NO,134.6,1.1,11.2
2022-05-01,PL,129.7,1.7,13.0
2022-05-01,PT,132.6,0.4,13.6
2022-06-01,AT,135.8,-1.2,10.7
2022-06-01,ES,131.2,-0.3,16.9
2022-06-01,FI,119.6,1.2,10.7
2022-06-01,IE,127.9,1.3,10.9
2022-06-01,LT,150.7,1.8,18.9
2022-06-01,NL,127.5,-0.4,9.1
2022-06-01,NO,134.8,0.1,9.4
2022-06-01,PL,131.6,1.5,13.9
2022-06-01,PT,132.6,0.0,12.9
2022-07-01,AT,134.8,-0.7,8.5
2022-07-01,ES,129.0,-1.7,13.2
2022-07-01,FI,119.9,0.3,9.3
2022-07-01,IE,130.7,2.2,12.1
2022-07-01,LT,152.4,1.1,19.2
2022-07-01,NL,128.5,0.8,8.7
2022-07-01,NO,136.0,0.9,8.9
2022-07-01,PL,133.2,1.2,14.5
2022-07-01,PT,133.6,0.8,12.8
2022-08-01,AT,134.0,-0.6,7.3
2022-08-01,ES,129.0,0.0,12.5
2022-08-01,FI,120.2,0.3,7.2
2022-08-01,IE,130.6,-0.1,10.8
2022-08-01,LT,152.4,0.0,18.6
2022-08-01,NL,128.7,0.2,9.1
2022-08-01,NO,137.0,0.7,7.2
2022-08-01,PL,134.5,1.0,14.9
2022-08-01,PT,133.2,-0.3,12.1
2022-09-01,AT,134.2,0.1,7.6
2022-09-01,ES,130.3,1.0,12.9
2022-09-01,FI,120.4,0.2,6.5
2022-09-01,IE,130.1,-0.4,10.1
2022-09-01,LT,152.8,0.3,18.5
2022-09-01,NL,129.6,0.7,9.6
2022-09-01,NO,136.8,-0.1,5.2
2022-09-01,PL,136.1,1.2,15.3
2022-09-01,PT,134.1,0.7,12.8
2022-10-01,AT,133.7,-0.4,7.5
2022-10-01,ES,127.9,-1.8,10.3
2022-10-01,FI,120.4,0.0,5.8
2022-10-01,IE,131.1,0.8,9.9
2022-10-01,LT,153.8,0.7,18.3
2022-10-01,NL,130.0,0.3,9.2
2022-10-01,NO,136.8,0.0,4.6
2022-10-01,PL,137.7,1.2,15.5
2022-10-01,PT,134.3,0.1,12.0
2022-11-01,AT,132.2,-1.1,6.4
2022-11-01,ES,126.7,-0.9,8.6
2022-11-01,FI,120.4,0.0,5.5
2022-11-01,IE,131.6,0.4,10.0
2022-11-01,LT,154.2,0.3,17.3
2022-11-01,NL,129.7,-0.2,8.7
2022-11-01,NO,139.2,1.8,5.5
2022-11-01,PL,138.7,0.7,15.8
2022-11-01,PT,134.6,0.2,10.6
2022-12-01,AT,131.3,-0.7,5.8
2022-12-01,ES,125.5,-0.9,6.8
2022-12-01,FI,120.5,0.1,5.3
2022-12-01,IE,131.6,0.0,9.9
2022-12-01,LT,154.5,0.2,17.4
2022-12-01,NL,129.7,0.0,8.5
2022-12-01,NO,138.9,-0.2,6.3
2022-12-01,PL,139.7,0.7,15.9
2022-12-01,PT,134.6,0.0,11.1
